Symbol,Description,Price,Price - Currency,"Price change %, 1 day","Price × volume (turnover), 1 day","Price × volume (turnover), 1 day - Currency","Relative volume, 1 day",Assets under management,Assets under management - Currency,"NAV total return, 3 years",Total holdings,Expense ratio,Asset class,Focus
CSP1,iShares Core S&P 500 UCITS ETF,63565,GBX,0.13232305729273328,4494681.15,GBP,0.6026694395199782,119429613060.08165,GBP,70.67754290792095,505,0.07,Equity,Large cap
IWDA,iShares Core MSCI World UCITS ETF,147.41,USD,0.5045339878639185,22610624.78047548,GBP,0.3384574272171156,112725321694.27507,GBP,77.93526051415765,1250,0.2,Equity,Total market
VWRA,Vanguard FTSE All-World UCITS ETF Accum USD,193.5,USD,0.5194805194805194,12315508.479162,GBP,0.33348345654131184,46583738499.701706,GBP,79.04226143257169,3763,0.14,Equity,Total market
VUSA,Vanguard S&P 500 UCITS ETF,111.6375,GBP,0.14577259475219423,15461347.200000001,GBP,0.7081839797509779,40667282828.939674,GBP,70.89055614697884,505,0.07,Equity,Large cap
VUSD,Vanguard S&P 500 UCITS ETF,147.755,USD,0.3293270863040573,12142424.36938202,GBP,0.8612324575789121,40667273133.85944,GBP,83.83259337960835,505,0.07,Equity,Large cap
EIMI,iShares Core MSCI EM IMI UCITS ETF,54.75,USD,0.6248851314096736,5540518.221021,GBP,0.23248580211535455,34569454042.631645,GBP,87.20148832628271,2873,0.22,Equity,Total market
EGLN,iShares Physical Gold ETC,72.61,EUR,1.8658810325476967,2911811.22442642,GBP,1.4597724909678236,28665891395.628727,GBP,109.2740186309845,,0.12,Commodities,Gold
VUAG,Vanguard S&P 500 UCITS ETF,114.02,GBP,0.15811665495431534,26513184.619999997,GBP,0.729210243583335,28233844104.70442,GBP,70.89073722681397,505,0.07,Equity,Large cap
VUAA,Vanguard S&P 500 UCITS ETF,150.9,USD,0.3191065017949862,12795468.222616801,GBP,0.8119715969923332,28233837373.75598,GBP,83.83278817314434,505,0.07,Equity,Large cap
ISAC,iShares V PLC - iShares MSCI All Country World UCITS ETF Accum.Shs USD,123.91,USD,0.511031797534065,54632044.61103648,GBP,1.1856886439000234,27226928318.254246,GBP,79.44380713102825,1646,0.2,Equity,Total market
CNX1,iShares NASDAQ 100 UCITS ETF USD,133800,GBX,-0.6828978622327792,4007310,GBP,0.8002244369038395,22895638831.52381,GBP,90.28097710807815,102,0.3,Equity,Large cap
CNDX,iShares NASDAQ 100 UCITS ETF USD,1770.8,USD,-0.5615453728661276,45312817.44054239,GBP,1.7672857135398448,22895633373.203514,GBP,104.97042061772459,102,0.3,Equity,Large cap
SGLD,Invesco Physical Gold ETC,402.99,USD,1.798570237704298,5804480.374602839,GBP,0.3612374558478074,21699951926.08765,GBP,121.31108578161852,1,0.12,Commodities,Gold
IDUS,iShares Core S&P 500 UCITS ETF USD (Dist),77.645,USD,0.3230182828348085,2140695.8534318,GBP,0.16385819324663423,17594588791.992725,GBP,83.85211771279532,505,0.07,Equity,Large cap
IITU,iShares S&P 500 Information Technology Sector UCITS ETF,4109,GBX,-1.2259615384615385,9824208.1,GBP,1.535598998575449,15860377836.40762,GBP,130.7730339271906,77,0.15,Equity,Information technology
IB01,iShares $ Treasury Bond 0-1yr UCITS ETF USD (Accumulating),122.16,USD,0.01637465203864092,41453030.153881915,GBP,0.9008403503008244,15380195426.803383,GBP,14.22447072932948,91,0.07,Fixed income,Investment grade
GPSA,iShares IV PLC - iShares MSCI USA Screened UCITS ETF Accum Shs Unhedged USD,12.306,GBP,0.1301871440195282,3004620.6539999996,GBP,0.8243518365334945,14438547331.324915,GBP,74.22578006758488,466,0.07,Equity,Total market
SMEA,iShares Core MSCI Europe UCITS ETF EUR (Acc),8685,GBX,0.8359456635318705,2441006.1,GBP,0.38397486252945795,13283997306.57259,GBP,46.89175885411036,387,0.13,Equity,Total market
I500,iShares S&P 500 Swap UCITS ETF AccumUSD,9.882,GBP,0.16217311980539242,1195138.962,GBP,0.25465879183574114,11975303866.849031,GBP,71.55620902276678,327,0.05,Equity,Large cap
XD9U,Xtrackers MSCI USA UCITS ETF,230.85,USD,0.28671966636256857,4426427.2785768,GBP,1.3085491118643369,10457770569.275614,GBP,84.02091937331538,517,0.04,Equity,Total market
IMEU,iShares Core MSCI Europe UCITS ETF,3331,GBX,0.7409647663692727,1058058.84,GBP,0.3241862938313362,8866495667.761782,GBP,46.841118071171095,386,0.13,Equity,Total market
IEMA,iShares MSCI EM UCITS ETF USD (Acc),64.23,USD,0.6582040432534112,11751154.410498722,GBP,0.5737523224555761,8104826099.25744,GBP,92.34286467650065,758,0.22,Equity,Total market
IUSE,iShares S&P 500 EUR Hedged UCITS ETF (Acc),159.86,EUR,0.3011670222110793,6201786.501370161,GBP,0.2814367465193938,7822839466.56492,GBP,72.713753598445,507,0.21,Equity,Large cap
IDEM,iShares MSCI EM UCITS ETF USD (Dist),66.08375,USD,0.5496595534253845,2540436.9926360594,GBP,0.37340437405642923,7812852461.737876,GBP,92.29828664777719,1106,0.26,Equity,Total market
SMGB,VanEck Semiconductor UCITS ETF Accum A USD,85.02,GBP,-2.689710426920005,17758722.54,GBP,1.144212381313924,7458094621.257937,GBP,277.8930891688206,26,0.35000000000000003,Equity,Information technology
IDWR,iShares MSCI World UCITS ETF USD (Dist),105.655,USD,0.47548856450002375,5605911.74942876,GBP,5.615374152925457,7210574412.035692,GBP,76.35306778155147,1249,0.5,Equity,Total market
EDG2,iShares IV PLC - iShares MSCI EM CTB Enhanced ESG UCITS ETF Accum Shs Unhedged USD,7.152,GBP,0.39303761931499814,119359.728,GBP,0.10980009789834362,6745552560.677654,GBP,78.71332156011621,1018,0.35000000000000003,Equity,Total market
WLDS,iShares MSCI World Small Cap UCITS ETF,7.693,GBP,1.237004869061711,1131486.44,GBP,0.5085372224836517,6659827638.342909,GBP,51.92256447776102,3569,0.35000000000000003,Equity,Small cap
CEA1,iShares MSCI EM Asia UCITS ETF,22499,GBX,0.30762371823450735,267063.13,GBP,0.36056012879317156,6619410721.665255,GBP,85.68935063050135,539,0.2,Equity,Total market
IJPA,iShares Core MSCI Japan IMI UCITS ETF,83.98,USD,0.5026328386787957,6723540.8071468,GBP,1.0062576962252392,6561558253.859912,GBP,77.02164509497122,930,0.13,Equity,Total market
IWFV,iShares Edge MSCI World Value Factor UCITS ETF,6051,GBX,-0.5750903713440683,1177343.07,GBP,0.26162642161964467,5770897976.603568,GBP,98.40026364409017,392,0.27,Equity,Total market
CEU1,iShares Core MSCI EMU UCITS ETF,20267.5,GBX,0.49584727903805625,81678.025,GBP,0.10998608116590705,5124905444.846952,GBP,56.84055061510488,215,0.13,Equity,Total market
E127,Multi Units LU - Amundi MSCI Emerging Markets II,57.01,GBP,0.4050722085241227,475007.32,GBP,0.7487890144060105,4774443041.295359,GBP,78.95495815603502,380,0.14,Equity,Total market
EUE,iShares Core EURO STOXX 50 UCITS ETF (Irl),5326,GBX,0.6234649537124504,1887268.1,GBP,0.8853216739537789,4647562547.676354,GBP,55.4657423652712,52,0.14,Equity,Large cap
SAWD,iShares MSCI World Screened UCITS ETF Accum Shs Unhedged USD,13.862,USD,0.44927536231883614,1713750.6452669678,GBP,0.28823029801204864,4607863016.2853155,GBP,80.41100907830365,1149,0.2,Equity,Total market
IWDE,iShares MSCI World EUR Hedged UCITS ETF (Acc),120.47,EUR,0.4921588254921617,1416940.49466487,GBP,0.31908191233007743,4599713206.156626,GBP,67.73670748482277,1250,0.56,Equity,Total market
SEGA,iShares Core EUR Govt Bond UCITS ETF,88.46,GBP,-0.0677812923633103,4865.299999999999,GBP,0.20707831325301204,4596118949.033372,GBP,4.1267602352356,552,0.07,Fixed income,Investment grade
VUKE,Vanguard FTSE 100 UCITS ETF,45.725,GBP,1.0608907061553852,10448208.225,GBP,0.745268868021452,4529855923.762,GBP,51.289956001204175,103,0.09,Equity,Large cap
SPX4,State Street SPDR S&P 400 US Mid Cap UCITS ETF,86.31,GBP,1.207786116322703,146122.83000000002,GBP,0.6239404437237414,4494567322.973087,GBP,39.49902376176255,402,0.31,Equity,Mid cap
SAEU,iShares IV PLC - iShares MSCI Europe Screened UCITS ETF AccumEUR,9.1295,GBP,0.8561643835616503,596001.1485,GBP,0.506591674678797,4079480203.796777,GBP,46.05457720577546,364,0.14,Equity,Total market
EMXC,Amundi MSCI Emerging Ex China Swap UCITS ETF Acc Capitalisation,47.34,USD,0.015845349389954647,2202268.58595576,GBP,0.34553431001789525,4027452161.97152,GBP,116.93788865049642,122,0.15,Equity,Total market
LQDA,iShares USD Corp Bond UCITS ETF Acc,6.041,USD,0.03311806590496222,2994509.468298068,GBP,0.39951878053699413,4013295947.000807,GBP,15.815555342963744,3161,0.21,Fixed income,Investment grade
VEUR,Vanguard FTSE Developed Europe UCITS ETF,41.295,GBP,0.8301794652667646,1312685.46,GBP,1.0947374221254877,3987446433.8421006,GBP,47.910501253604984,510,0.1,Equity,Total market
VEUD,Vanguard FTSE Developed Europe UCITS ETF,54.65,USD,0.9140430246514586,438711.98340619996,GBP,0.5397780703404175,3987445483.234871,GBP,59.112192309456205,510,0.1,Equity,Total market
CU1,iShares MSCI USA UCITS ETF,61230,GBX,0.1799738219895288,1647699.3,GBP,0.6903540277065162,3972696936.357197,GBP,70.85136256526006,517,0.03,Equity,Total market
CSUS,iShares MSCI USA UCITS ETF,810.2,USD,0.35922209835254443,1682505.9490568,GBP,0.19274893521474631,3972695989.266247,GBP,84.0408651476596,517,0.03,Equity,Total market
EWSP,iShares S&P 500 Equal Weight UCITS ETF AccumUSD,5.866,GBP,1.2077294685990234,4321840.026,GBP,1.7292935011456472,3957061712.549138,GBP,17.35026706002134,506,0.17,Equity,Large cap
IJPN,iShares MSCI Japan UCITS ETF USD (Dist),1929.5,GBX,0.10376134889753567,508828.445,GBP,0.23605497894204475,3950382496.220139,GBP,64.75274005253277,168,0.14,Equity,Total market
CBU0,iShares USD Treasury Bond 7-10yr UCITS ETF USD (Acc) USD,148.03,USD,0.2641560552695847,5363232.60407816,GBP,0.46828709674897795,3726882822.7271314,GBP,10.483164481525622,15,0.08,Fixed income,Investment grade
VDEV,Vanguard FTSE Developed World UCITS ETF,145.195,USD,0.5157493942540703,19537.87710812,GBP,0.045336457643523,3649246009.980233,GBP,80.88311134306656,1969,0.12,Equity,Total market
CMOD,Invesco Bloomberg Commodity UCITS ETF,35.98,USD,0.20888455646844656,19131030.365075998,GBP,5.6992026707289405,3477867160.1082034,GBP,56.89018959155108,2,0.34,Commodities,Broad market
VETA,Vanguard EUR Eurozone Government Bond UCITS ETF Accum Shs Unhedged EUR,19.669,GBP,-0.07874215753511343,1101.464,GBP,0.03275620028076743,3433495319.9356003,GBP,4.08860716304518,518,0.07,Fixed income,Investment grade
IGLT,iShares Core UK Gilts UCITS ETF,9.48,GBP,0.21141649048625338,2918162.04,GBP,0.5037775584030627,3368213702.03,GBP,6.980477428548013,72,0.08,Fixed income,Investment grade
SUOE,iShares II PLC - iShares Euro Corp Bond ESG SRI UCITS ETF Shs EUR,4.621,EUR,0.09747644319289873,5300695.250285541,GBP,5.033794690744733,3363069096.026557,GBP,12.288762840252955,1913,0.15,Fixed income,Investment grade
FEMR,Fidelity Emerging Markets Equity Research Enhanced UCITS ETF,7.53,USD,0.8302088912694199,10519.68300768,GBP,0.1005982547727013,3343362428.6755,GBP,86.94682590812232,399,0.5,Equity,Total market
IEAA,iShares Core EUR Corp Bond UCITS ETF,5.307,EUR,0.018846588767439387,994743.662747739,GBP,0.38551254224488724,3326947390.0612206,GBP,12.554719707594877,4041,0.09,Fixed income,Investment grade
IUAA,iShares US Aggregate Bond UCITS ETF,5.567,USD,0.05391804457225222,2290861.1971304077,GBP,0.4470863275731024,3304935823.652855,GBP,12.78388426412349,10981,0.26,Fixed income,Investment grade
ISPY,Legal & General UCITS ETF ICAV - L&G Cyber Security UCITS ETF,3886,GBX,2.6955602536997887,1918595.92,GBP,1.5649902687350623,3245608326.590263,GBP,122.50705089514327,32,0.76,Equity,Theme
GDGB,VanEck Gold Miners UCITS ETF Accum A USD,76.285,GBP,3.612903225806447,1911091.8199999998,GBP,0.6783681471332095,3141807480.344723,GBP,199.22039008997473,60,0.53,Equity,Materials
IAUP,iShares Gold Producers UCITS ETF USD,41.42,USD,4.332493702770777,836227.89256944,GBP,0.5483080182810403,3134692070.95352,GBP,227.12351117637462,84,0.5700000000000001,Equity,Materials
CPJ1,iShares Core MSCI Pacific ex Japan UCITS ETF,18173,GBX,0.9246660927998224,198085.7,GBP,0.30244173140954494,3037313823.911022,GBP,41.7431112802711,91,0.21,Equity,Total market
CPXJ,iShares Core MSCI Pacific ex Japan UCITS ETF,240.57,USD,1.0883267501470726,3198809.1330795595,GBP,0.7918478701277654,3037313099.8154063,GBP,52.68549478952984,91,0.21,Equity,Total market
GBS,Gold Bullion Securities,382.24,USD,1.7732573619468623,713737.9610816,GBP,1.2709684058865904,2930133712.85356,GBP,119.45840902099978,,0.4,Commodities,Gold
ERN1,iShares EUR Ultrashort Bond UCITS ETF,85.34,GBP,-0.15210015210014677,30978.420000000002,GBP,0.16767518130167675,2898131568.1420593,GBP,7.747324341837331,676,0.11,Fixed income,Investment grade
IBTM,iShares USD Treasury Bond 7-10yr UCITS ETF,123.865,GBP,0.1536284616939541,336541.20499999996,GBP,1.0851939130087471,2788932876.823934,GBP,2.5394078363704016,15,0.08,Fixed income,Investment grade
IDTP,iShares USD TIPS UCITS ETF,250.4,USD,0.07993605115907956,2552648.3179679997,GBP,0.6885582402320214,2738067354.2868457,GBP,12.263145038578498,50,0.12,Fixed income,Investment grade
VDEM,Vanguard FTSE Emerging Markets UCITS ETF,81.925,USD,0.8680128047278974,71780.3540699,GBP,0.5533276043158598,2732030242.081325,GBP,67.00638961022932,2291,0.17,Equity,Total market
SPEP,Invesco Markets PLC - Invesco S&P 500 Scored & Screened UCITS ETF,8257.5,GBX,0.15768087816119838,4211.325,GBP,0.033116883116883114,2695135833.672286,GBP,70.13999436279683,327,0.09,Equity,Large cap
VDNR,Vanguard FTSE North America UCITS ETF,190.09,USD,0.40141551787883106,827152.84181488,GBP,4.336296519511827,2668516807.5947185,GBP,84.45581019951706,587,0.08,Equity,Total market
VHYA,Vanguard Funds PLC - Vanguard FTSE All-World High Dividend Yield UCITS ETF AccumUSD,104.92,USD,0.9040200038468914,640164.13525904,GBP,0.287050538819931,2615260273.0781975,GBP,70.26392158206134,2351,0.29,Equity,High dividend yield
VDCA,Vanguard USD Corporate 1-3 Year Bond UCITS ETF,61.895,USD,-0.03230234999595578,5926814.48514204,GBP,2.923853227950953,2587514170.4650955,GBP,16.191682618323753,2126,0.16,Fixed income,Investment grade
VCPA,Vanguard USD Corporate Bond UCITS ETF Accum Unhedged USD,45.066,GBP,0.17560628626047664,2253.3,GBP,0.01735689242198077,2584832190.5353794,GBP,8.832656572744748,8870,0.09,Fixed income,Investment grade
VDJP,Vanguard FTSE Japan UCITS ETF,52.8425,USD,0.5374809741248076,44940.88171125,GBP,0.051332125697546555,2515022894.986285,GBP,75.47347740692322,476,0.1,Equity,Total market
SUES,iShares MSCI EM SRI UCITS ETF,847,GBX,0.4000592680397096,204127,GBP,0.26663716324611386,2507607947.2422137,GBP,59.49790845766431,209,0.33,Equity,Total market
IHCU,iShares S&P 500 Health Care Sector UCITS ETF,1038.5,GBX,2.3656973878758008,316721.73,GBP,0.4790462427745665,2381051004.133807,GBP,23.992952275851085,62,0.15,Equity,Health care
VECA,Vanguard EUR Corporate Bond UCITS ETF Accum Shs Unhedged EUR,44.5625,GBP,-0.10535872403859502,29946,GBP,0.4151992585727525,2377039650.5820837,GBP,10.329724590845146,3589,0.07,Fixed income,Investment grade
ESGS,Invesco MSCI USA Universal Screened UCITS ETF Accum USD,8923,GBX,0.1965077760934254,120192.81,GBP,0.3584162631046778,2342512276.4055414,GBP,68.95124498158492,472,0.09,Equity,Total market
NESG,Invesco NASDAQ-100 ESG UCITS ETF AccumUSD,90.92,USD,-0.6881485527034358,713929.40343088,GBP,0.5312527171272357,2340524777.8783,GBP,110.58477488253398,87,0.25,Equity,Large cap
DTLA,iShares USD Treasury Bond 20+yr UCITS ETF USD (Accumulating),4.247,USD,0.6278876910318569,11522376.66038256,GBP,0.6668168325598451,2309473611.7947345,GBP,2.745221236799496,42,0.09,Fixed income,Investment grade
SUSS,iShares II PLC - iShares EUR Corp Bond 0-3Yr ESG SRI UCITS ETF Shs EUR,417.85,GBX,-0.07771865845638516,614.2395,GBP,0.05871310460518433,2300186276.5173974,GBP,8.529740224619022,1411,0.15,Fixed income,Investment grade
EPAB,Amundi S&P Eurozone Climate Paris Aligned UCITS ETF Capitalisation,46.29,USD,0.48844024747639514,0,GBP,0,2285793182.428346,GBP,68.92891502941991,94,0.28,Equity,Total market
IQSA,Invesco Global Active ESG Equity UCITS ETF Accum USD,110.8,USD,0.41689323907920406,877068.7355696,GBP,1.170231788819598,2198767924.2804904,GBP,95.7736678887161,198,0.37,Equity,Total market
PHAG,WisdomTree Physical Silver,55.35,USD,3.3227552734739616,391483.57767120004,GBP,0.4110503839867845,2055946322.417171,GBP,167.05364009219545,,0.49,Commodities,Silver
XLKQ,Invesco Technology S&P US Select Sector UCITS ETF,84970,GBX,-1.2321283273276764,1435143.3,GBP,1.6257580132832803,2049780958.1654823,GBP,141.23387042286572,74,0.14,Equity,Information technology
MINT,PIMCO US Dollar Short Maturity UCITS ETF,100.365,USD,-0.03486055776893506,1361163.9482532,GBP,2.7965705378020265,2035874528.5464745,GBP,7.778295332708023,555,0.35000000000000003,Fixed income,Investment grade
MINV,iShares Edge MSCI World Minimum Volatility UCITS ETF USD,5797,GBX,0.5550737207285342,692451.65,GBP,1.2599147751244621,1976526190.9666615,GBP,26.4006475901154,297,0.33,Equity,Total market
VDST,Vanguard U.S. Treasury 0-1 Year Bond UCITS ETF USD,59.746,USD,0.02678720910766004,5071137.014506023,GBP,0.7225390189861403,1954183742.3415654,GBP,14.093698107655184,90,0.05,Fixed income,Investment grade
HMWA,HSBC MSCI WORLD UCITS ETF,48.45,USD,0.4665629860031133,1135.4321454,GBP,0.0017104486341240018,1929959305.5150697,GBP,36.35408792745661,1234,0.15,Equity,Total market
CNYA,iShares MSCI China A UCITS ETF,5.6225,USD,0.4466279589102183,928430.6053176699,GBP,0.38632702539987307,1910227753.789076,GBP,32.62763752825922,417,0.42,Equity,Total market
CSH2,Amundi Smart Overnight Return UCITS ETF C-GBP- Capitalisation,125550,GBX,0.01593244642714889,23673708,GBP,1.088702460204276,1901964247.80515,GBP,15.38285744861851,443,0.1,Fixed income,Investment grade
IDIN,iShares Global Infrastructure UCITS ETF USD,37.1,USD,1.366120218579235,187294.9356936,GBP,0.12618618414339647,1865844141.963872,GBP,43.93396994929225,278,0.65,Equity,Theme
COMM,iShares Diversified Commodity Swap UCITS ETF,815,GBX,0.092109303039607,276285,GBP,0.3813273340832396,1819144464.226565,GBP,46.261196639782824,132,0.27,Commodities,Broad market
LOCK,iShares Digital Security UCITS ETF,13.754,USD,2.3515404077987716,962571.817695488,GBP,0.6596189321235759,1728198708.7334952,GBP,95.49532547471111,116,0.44,Equity,Theme
IBGX,iShares EUR Govt Bond 3-5 Year UCITS ETF,132.41,GBP,-0.1545828149153659,0,GBP,0,1725018031.5761414,GBP,4.849298734351551,16,0.17,Fixed income,Investment grade
EMBE,iShares J.P. Morgan USD EM Bond EUR Hedged UCITS ETF (Dist),64.445,EUR,0.33473454771911754,2276092.15551495,GBP,2.9005784450894816,1717564652.503119,GBP,23.24167314086682,615,0.54,Fixed income,Broad credit
ERNA,iShares USD Ultrashort Bond UCITS ETF,6.45,USD,0.10864504112991714,3494784.5085425996,GBP,0.411109263510949,1715535870.8667707,GBP,15.516685185848958,884,0.13,Fixed income,Investment grade
IGSG,iShares Dow Jones Global Leaders Screened UCITS ETF USD (Acc),7806,GBX,0.9962478975287877,190310.28,GBP,5.671086299139335,1703046182.3404899,GBP,59.03918922568834,575,0.61,Equity,Total market
CSCA,iShares MSCI Canada UCITS ETF,23085,GBX,1.3433425523508493,546652.8,GBP,1.057945762408971,1695992015.1218626,GBP,70.78602924079772,81,0.48,Equity,Total market
CCAU,iShares MSCI Canada UCITS ETF,305.29,USD,1.4758185142097382,3221145.6865691603,GBP,2.12380358202596,1695991610.7973661,GBP,83.97048817567364,81,0.48,Equity,Total market
IUFS,iShares S&P 500 Financials Sector UCITS ETF,16.195,USD,1.8233259981138066,744262.17893314,GBP,0.15955714238095026,1694965976.325216,GBP,69.19711867080291,77,0.15,Equity,Financials
ES15,iShares GBP Corp Bond 0-5yr UCITS ETF,117.9,EUR,0.3404255319148985,52262.792054100006,GBP,1.8732091690544412,1668624994.5878534,GBP,19.709118178064724,410,0.2,Fixed income,Investment grade
AIAG,Legal & General UCITS ETF Plc - Artificial Intelligence,3294,GBX,0.4421405702088733,771059.52,GBP,0.5775873980931325,1657476894.936952,GBP,160.69672882300017,57,0.49,Equity,Theme
LGGG,Legal & General UCITS ETF Plc - Global Equity,2112.5,GBX,0.35629453681710216,435576.375,GBP,0.4252287107232126,1652583833.9550953,GBP,66.13723782025188,1362,0.1,Equity,Total market
DLTM,iShares MSCI EM Latin America UCITS ETF USD,23.195,USD,1.2439982540375387,622712.30618702,GBP,0.22062930263794692,1642080901.0456607,GBP,70.27677658484873,84,0.23,Equity,Total market
DH2O,iShares Global Water UCITS ETF,75.2,USD,1.6078908255641098,23364.9777984,GBP,0.05532596551213537,1593589075.4075966,GBP,40.47519625861128,68,0.74,Equity,Theme
0VQM,UBS ETF (CH) SXI Real Estate Funds (CHF) A-dis,10.4419,CHF,-0.044990714682286145,4468211.175426726,GBP,3.202942551004512,1572331329.7484589,GBP,33.45189278059599,65,1.05,Equity,Real estate
IBCI,iShares PLC - iShares Euro Inflation Linked Government Bond UCITS ETF AccumEUR,194.04,GBP,-0.42592497562478193,89840.51999999999,GBP,1.074744661095636,1553458026.1907406,GBP,3.931739820348613,41,0.09,Fixed income,Investment grade
GLDW,Wisdomtree Core Physical Gold,31428.5,GBX,1.661005984150089,287570.775,GBP,0.5250473403339645,1552938743.9442017,GBP,105.45031241968834,,0.12,Commodities,Gold
VMID,Vanguard FTSE 250 UCITS ETF,36.75,GBP,0.9199505698201315,1609870.5,GBP,0.39862919458812135,1538109490.4736,GBP,46.530879664768705,252,0.1,Equity,Mid cap
MWEP,Invesco MSCI World Equal Weight UCITS ETF Acc AccumUSD,506.9,GBX,0.9559848635729843,2091687.3669999999,GBP,1.703687525236803,1532366465.0740852,GBP,24.72256861363931,1250,0.2,Equity,Total market
CIBR,First Trust Global Funds ICAV - First Trust Nasdaq cyber Security UCTIS ETF Accum A USD,68.02,USD,1.994301994301992,2446004.37604992,GBP,0.7624579845065614,1501225282.4389231,GBP,120.9635026782447,44,0.63,Equity,Theme
XCHA,Xtrackers CSI300 Swap UCITS ETF Capitalisation 1C,19.97,USD,0.6045340050377704,88708.56669583998,GBP,0.1269089801710118,1497080372.1874268,GBP,48.31190426700715,307,0.5,Equity,Large cap
IUQA,iShares Edge MSCI USA Quality Factor UCITS ETF,19.145,USD,0.4459601259181577,1002058.4396698399,GBP,0.178520044183943,1484861333.5328622,GBP,71.6330625208058,120,0.2,Equity,Total market
MVUS,iShares Edge S&P 500 Minimum Volatility UCITS ETF,9060,GBX,0.8178935069270572,60158.4,GBP,0.8535801516904487,1474298959.0278199,GBP,46.00092266805679,128,0.21,Equity,Large cap
U03A,Ishares USD Treasury Bond 0-3 Month UCITS ETF AccumUSD,108.7,USD,0.01840264998159369,2708378.0207876,GBP,0.6877907182998366,1473215358.7500708,GBP,7.259532969420249,,0.17,Fixed income,Broad credit
HEMA,HSBC MSCI EMERGING MARKETS UCITS ETF AccumUSD,18.672,USD,0.5655194700274704,292925.046586368,GBP,0.9944603116793499,1470319828.3411062,GBP,64.37640029873039,1174,0.19,Equity,Total market
IBGS,iShares EUR Govt Bond 1-3 UCITS ETF EUR (Dist),117.84,GBP,-0.1271294177472595,3535.2000000000003,GBP,0.027652318186007923,1465282643.598607,GBP,5.865043671072791,17,0.11,Fixed income,Investment grade
EMCA,iShares JP Morgan USD EM Corp Bond UCITS ETF,6.663,USD,0.0901306894997781,5138094.561289032,GBP,2.129832102177287,1438170813.4535735,GBP,22.682467604385877,1262,0.56,Fixed income,Broad credit
IBCX,iShares EUR Corp Bond Large Cap UCITS ETF,120.72,EUR,0.0663129973474787,288437.29640664,GBP,0.23953164298824012,1432959813.9703405,GBP,11.699000616849867,3448,0.1,Fixed income,Investment grade
SLXX,iShares Core GBP Corp Bond UCITS ETF,116.97,GBP,0.24854302365443265,3268492.71,GBP,1.9609398026638971,1412783929.844,GBP,15.824846701009548,519,0.22,Fixed income,Investment grade
VERE,Vanguard FTSE Developed Europe ex UK UCITS ETF AccumEUR,66.26,USD,0.8677119805145492,958685.99763608,GBP,1.1393143517057867,1378282010.0634007,GBP,57.875969648404066,414,0.1,Equity,Total market
ROLG,iShares Bloomberg Enhanced Roll Yield Commodity Swap UCITS ETF,9.127,GBP,0.09870585654749221,172089.58500000002,GBP,0.17616737161645127,1371555935.5631993,GBP,55.954008386931996,124,0.42,Commodities,Broad market
CSJP,iShares MSCI Japan UCITS ETF,22847,GBX,0.43520309477756286,441860.98,GBP,0.6646276504347228,1367591412.6332023,GBP,64.76610389792643,168,0.14,Equity,Total market
CJPU,iShares MSCI Japan UCITS ETF,301.97,USD,0.4657816814718814,198832.63327564,GBP,0.06954202861522739,1367591086.5994096,GBP,77.48583243988362,168,0.14,Equity,Total market
IESU,iShares S&P 500 Energy Sector UCITS ETF,1058,GBX,0.8579599618684461,1250915.72,GBP,0.5351763695692616,1351424705.1708498,GBP,47.97225623222296,22,0.15,Equity,Energy
IDTW,iShares MSCI Taiwan UCITS ETF,210.69,USD,-0.3782684760508825,530388.2164644,GBP,0.36566082487811297,1350588375.7341993,GBP,239.30318766893458,77,0.78,Equity,Total market
ROBE,L&G ROBO Global Robotics and Automation UCITS ETF USD Class A,29.295,EUR,1.1742358832671504,485866.6114528801,GBP,1.0866885100238797,1343497289.9347188,GBP,52.985502066212376,81,0.8,Equity,Theme
FUSR,Fidelity US Equity Research Enhanced UCITS ETF Accum Shs USD,14.182,USD,0.24740227610094115,37835.096816216,GBP,0.13128280675126205,1342646967.3894515,GBP,86.5114067185374,327,0.2,Equity,Total market
WQDS,iShares MSCI World Quality Dividend ESG UCITS ETF Unhedged USD,726,GBX,0.2762430939226519,186037.5,GBP,0.3356056290068038,1328513678.1880858,GBP,63.56607219220071,191,0.41000000000000003,Equity,High dividend yield
CORP,iShares Global Corp Bond UCITS ETF,84.705,USD,0.17739932588255156,75432.76853028,GBP,0.018908689329271228,1326683227.9944217,GBP,17.340774286430253,14327,0.2,Fixed income,Investment grade
ISDW,iShares MSCI World Islamic UCITS ETF,71.05,USD,0.46662895927601566,1643312.845307,GBP,0.6102036338977642,1322199567.7849777,GBP,68.20829505356917,387,0.3,Equity,Total market
IUKD,iShares UK Dividend UCITS ETF GBP,982.9,GBX,0.48047434062563193,1121921.376,GBP,0.3044886629030619,1257617411.9531,GBP,73.83283724844925,51,0.55,Equity,High dividend yield
SAUM,iShares MSCI EMU IMI Screened UCITS ETF Accum Shs EUR,9.3035,GBP,0.4209617356576146,328981.0635,GBP,0.8479368093922651,1246513331.2623584,GBP,53.94602032752252,206,0.12,Equity,Theme
IGSD,iShares USD Short Duration Corp Bond UCITS ETF,74.28,GBP,-0.08071025020177867,137269.44,GBP,4.512820512820513,1239832477.5249472,GBP,7.589102764730956,3101,0.22,Fixed income,Investment grade
VDTA,Vanguard USD Treasury Bond UCITS ETF Accum Shs Unhedged USD,26.497,USD,0.23074595248902988,2190969.6643978357,GBP,1.2979543207986681,1219465189.2758007,GBP,10.365333477596847,298,0.07,Fixed income,Investment grade
IGUS,iShares S&P 500 GBP Hedged UCITS ETF (Acc),17883,GBX,0.347904158015824,935459.73,GBP,0.6139959622517489,1213331172,GBP,80.82346013665112,506,0.21,Equity,Large cap
RIEG,L&G MSCI Europe Select UCITS ETF Accum Shs EUR,1640.9,GBX,0.786192494318542,3068.4829999999997,GBP,0.060560917157847005,1199291518.0386875,GBP,40.81496869266962,108,0.65,Equity,Total market
IEDY,iShares EM Dividend UCITS ETF,19.805,USD,0.8658008658008562,661179.61633906,GBP,1.5737332197724268,1185999253.9804199,GBP,81.88321551279414,101,0.79,Equity,High dividend yield
LGUG,Legal & General UCITS ETF Plc - US Equity,2394,GBX,0.12547051442910914,97914.6,GBP,1.6319527571622379,1183403330.677351,GBP,71.95654950094608,404,0.05,Equity,Total market
INTL,WisdomTree Artificial Intelligence UCITS ETF USD Acc,9302,GBX,-0.0322407307898979,837645.1,GBP,1.0282732317811223,1177609544.454188,GBP,114.89933505024787,59,0.43,Equity,Theme
WTAI,WisdomTree Artificial Intelligence UCITS ETF USD Acc,123.13,USD,0.15454693346347625,282785.64470968,GBP,0.5028136378682555,1177609263.7120726,GBP,131.48928371699338,59,0.43,Equity,Theme
RMAP,Royal Mint Responsibly Sourced Physical Gold ETC,3116.75,GBX,1.6801239703123725,827528.2925,GBP,0.8334118060656283,1166499576.8196251,GBP,104.64387726457032,,0.25,Commodities,Gold
EMDD,SSGA SPDR ETFs Europe I PLC - State Street SPDR Bloomberg Emerging Markets Local Bond UCITS ETF USD,56.59,USD,0.2125022135647327,12834.136644,GBP,0.048407396650208157,1148482648.7939,GBP,17.596557353068054,605,0.55,Fixed income,Broad credit
IEUX,iShares MSCI Europe ex-UK UCITS ETF,4568.5,GBX,0.7720304400573508,1128784.98,GBP,0.6851134507723747,1097880506.293076,GBP,44.4544481812557,321,0.41000000000000003,Equity,Total market
GEDM,iShares IV PLC - iShares MSCI EM IMI Screened UCITS ETF Unhedged USD,6.7845,GBP,0.39955604883463014,44438.475000000006,GBP,0.2563731227029164,1095563465.4762626,GBP,76.35905167690198,2505,0.18,Equity,Total market
SILG,Global X Silver Miners UCITS ETF AccumUSD,31.12,GBP,3.7506251041840306,1670895.04,GBP,0.6088128874390104,1057439965.252389,GBP,155.29379713836727,40,0.65,Equity,Energy
CAPU,Ossiam Shiller Barclays Cape US Sector Value UCITS ETF 1C USD,126655,GBX,0.5437802651424942,30397.2,GBP,0.26785714285714285,1041124616.0323557,GBP,33.1903402359395,104,0.65,Equity,Large cap
IJPE,iShares MSCI Japan EUR Hedged UCITS ETF (Acc),145.595,EUR,0.2996693303940495,351450.00938288,GBP,0.0991736688337692,1009108873.246032,GBP,98.28590470389486,168,0.68,Equity,Total market
SDHA,iShares USD Short Duration High Yield Corp Bond UCITS ETF USD,7.215,USD,-0.05540933647320193,1995780.4472478598,GBP,1.2003164917181717,1005475724.987454,GBP,23.165580806785346,1146,0.53,Fixed income,High yield
IUCM,iShares S&P 500 Communication Sector UCITS ETF,13.956,USD,-1.1894647408666172,326248.32560913597,GBP,0.057546804815225124,971052081.776,GBP,89.74372721423975,24,0.16,Equity,Communication services
V3AA,Vanguard ESG Global All CapUCITS ETF AccumUSD,8.896,USD,0.26486334178642207,91024.59275392,GBP,0.45091866140289505,963184898.8163389,GBP,79.11708253358925,5615,0.24,Equity,Total market
COPG,Global X Copper Miners UCITS ETF AccumUSD,50.69,GBP,3.6499335446273315,1117663.81,GBP,0.4882591057256236,955231733.1932644,GBP,128.13535912407517,41,0.9500000000000001,Equity,Total market
LCUK,Multi Units Luxembourg - Amundi UK Equity All Cap,15.042,GBP,1.1430876815492197,499740.366,GBP,0.3797231083278948,937194597.738,GBP,51.292871910141734,200,0.2,Equity,Total market
GDXJ,VanEck Junior Gold Miners UCITS ETF Accum A USD,105.05,USD,3.5281363949935924,929233.2604786,GBP,0.5890081346649485,918697392.1104,GBP,257.5376242027732,154,0.55,Equity,Materials
IGDA,Invesco Dow Jones Islamic Global Developed Markets UCITS ETF Accum-USD- ETF,40.65,USD,0.20954024405275695,245473.3312584,GBP,0.7084009542306293,896316689.856,GBP,38.994763627411224,1252,0.4,Equity,Total market
IDKO,iShares MSCI Korea UCITS ETF USD (Dist),128.42375,USD,-0.4929877576321012,838326.895130725,GBP,0.6072561305794074,893282541.879613,GBP,235.35564287901053,77,0.67,Equity,Total market
BTEC,iShares NASDAQ US Biotechnology UCITS ETF,10.105,USD,3.5348360655737774,701903.1551639801,GBP,0.2883437065266544,873589707.7134093,GBP,73.02659128978222,247,0.37,Equity,Health care
IPOL,iShares MSCI Poland UCITS ETF,41.6775,USD,1.1589805825242696,221809.44213120002,GBP,0.32627032237732423,865241432.67408,GBP,170.59394384483235,17,0.76,Equity,Total market
BCHN,Invesco CoinShares Global Blockchain UCITS ETF Accum Shs USD,182.54,USD,1.8979569052138026,1480273.7474957597,GBP,1.6514510045416058,853575544.92,GBP,194.67311190837665,47,0.65,Equity,Theme
HUKX,HSBC FTSE 100 UCITS ETF,10502,GBX,1.0196229318968832,2475636.46,GBP,0.18283224387353372,844628378,GBP,51.32247499898979,102,0.07,Equity,Large cap
VDPG,Vanguard FTSE Developed Asia Pacific ex Japan UCITS ETF Accum Shs USD,43.14,GBP,0.06378660481299718,1721329.1400000001,GBP,0.5778055812592949,830135359.3551557,GBP,95.89778267286371,377,0.15,Equity,Total market
VAPU,Vanguard FTSE Developed Asia Pacific ex Japan UCITS ETF Accum Shs USD,57.28,USD,0.43836577240049096,577346.58144128,GBP,0.5823033585185832,830135161.450886,GBP,110.73368966681838,377,0.15,Equity,Total market
HSTC,HSBC Hang Seng Tech UCITS ETF,4.45325,GBP,3.8780032656869556,609658.8315,GBP,2.117419971510368,807582300.8919716,GBP,-1.1932508941469453,32,0.5,Equity,Information technology
GBPG,Goldman Sachs Access UK Gilts 1-10 Years UCITS ETF - GBP,41.7825,GBP,0.13780707010185128,742600.3724999999,GBP,0.3572383324187807,797320919.978,GBP,9.802565827723992,32,0.07,Fixed income,Investment grade
LGJG,Legal & General UCITS ETF Plc - Japan Equity,1622.9,GBX,0.20375401333663756,7530.256000000001,GBP,0.05245960949247589,790329972.7925613,GBP,64.45756464649536,301,0.1,Equity,Total market
IBGM,iShares EUR Govt Bond 7-10 Year UCITS ETF,149.55,GBP,-0.02005615724027352,1345.95,GBP,0.07114624505928854,787119958.929185,GBP,4.3415774667819305,30,0.16,Fixed income,Investment grade
IMV,iShares Edge MSCI Europe Minimum Volatility UCITS ETF,6262,GBX,0.6105398457583547,62.62,GBP,0.0008862105636299184,764104665.8556608,GBP,36.15005616315182,199,0.3,Equity,Total market
IBGL,iShares EUR Govt Bond 15-30 Year UCITS ETF,127.075,GBP,0.027550377833750462,13597.025,GBP,0.1296341167918585,742101237.6873455,GBP,-1.2771728267793527,56,0.18,Fixed income,Investment grade
SDIP,Global X Superdividend UCITS ETF USD,7.346,GBP,1.4360673847003604,490683.416,GBP,0.6472762862721727,730940059.4098617,GBP,26.98903164294675,101,0.45,Equity,High dividend yield
XASX,Xtrackers MSCI UK ESG UCITS ETF (DR) 1D- Distribution,499.025,GBX,1.4072343019711349,549037.2855,GBP,2.1970960198577765,727687764.1159,GBP,45.282802622312765,127,0.45,Equity,Total market
CMFP,L&G Longer Dated All Commodities UCITS ETF,2535,GBX,0.35629453681710216,436603.05,GBP,2.1372198644925917,712913184.6652555,GBP,40.371363626619534,3,0.73,Commodities,Broad market
EEXF,iShares EUR Corp Bond ex-Financials UCITS ETF,89.545,GBP,-0.1059794734493517,24893.510000000002,GBP,7.637362637362638,709425736.0773168,GBP,9.005106581294754,2411,0.2,Fixed income,Investment grade
DHYA,iShares II PLC - iShares USD High Yield Corp Bond ESG SRI UCITS ETF Accum USD,6.524,USD,0.1535155050660084,14642.993182832,GBP,0.07098489449096013,697820124.0179312,GBP,26.36031980128851,996,0.31,Fixed income,High yield
AT1,Invesco Markets II PLC - Invesco USD AT1 CoCo Bond UCITS ETF Accum Shs USD,29.665,USD,-0.11784511784511834,47699.90925126,GBP,0.04667104047675993,695539761.4587575,GBP,32.440542840507,95,0.55,Fixed income,Broad credit
VDEA,Vanguard USD Emerging Markets Government Bond UCITS ETF Accum Shs Unhedged USD,61.76,USD,0.32488628979856354,2377628.704416,GBP,4.689701535146286,689455797.9124255,GBP,28.127573899514967,1447,0.31,Fixed income,Broad credit
EQDS,iShares MSCI Europe Quality Dividend ESG UCITS ETF,601.6,GBX,0.736771600803747,111927.68,GBP,1.5800290443393261,689029655.2736537,GBP,42.8726867534982,71,0.41000000000000003,Equity,High dividend yield
ISDE,iShares MSCI EM Islamic UCITS ETF,36.05,USD,0.22240756185709842,1845368.2098977999,GBP,0.31317235880349503,671999098.9393137,GBP,126.9879075580818,398,0.63,Equity,Total market
HPRA,HSBC FTSE EPRA/NAREIT DEVELOPED UCITS ETF,28.065,USD,1.2719891745602263,262997.92641528,GBP,0.7986290073188331,667518797.8432962,GBP,11.441448280546414,351,0.37,Equity,Real estate
CSKR,iShares MSCI Korea UCITS ETF USD (Acc),493.85,USD,-0.28268551236748657,794087.3144694,GBP,0.2905896497076343,657612154.988152,GBP,235.7430132203811,77,0.67,Equity,Total market
IGL5,iShares UK Gilts 0-5yr UCITS ETF AccumGBP,5.648,GBP,0.035423308537013455,1540763.1039999998,GBP,0.7418827425060591,656665340.2397,GBP,6.061858769589246,22,0.08,Fixed income,Investment grade
AGED,iShares Ageing Population UCITS ETF,10.2675,USD,1.6584158415841626,85474.51092012,GBP,0.40270468932276715,653883452.478224,GBP,61.60872874904847,345,0.44,Equity,Total market
IAEX,iShares AEX UCITS ETF,9556.5,GBX,0.8495145631067961,165805.275,GBP,0.24242678291974065,646806068.2736372,GBP,58.985376651731706,31,0.32,Equity,Large cap
MIDD,iShares FTSE 250 UCITS ETF,2230.5,GBX,1.1106074342701724,17721277.89,GBP,1.2017577017434076,644221475.821,GBP,45.182714322435615,254,0.52,Equity,Mid cap
QYLD,Global X Nasdaq 100 Covered Call UCITS ETF USD,16.97,USD,-0.1764705882353008,226211.02106371996,GBP,0.36311480136077956,641069498.9423885,GBP,18.96930628754768,41,0.45,Equity,Large cap
JPAS,JPM USD Ultra-Short Income Active UCITS ETF Accum Shs USD,95.5625,GBP,-0.10975514150574016,0,GBP,0,640031309.6147566,GBP,7.046073734056946,442,0.18,Fixed income,Investment grade
PAVE,Global X U.S. Infrastructure Development UCITS ETF AccumUSD,50.16,USD,1.2617341273846776,157024.87940832,GBP,0.29041307244547304,634268581.2174834,GBP,76.79534472535939,101,0.47000000000000003,Equity,Theme
EQGB,Invesco EQQQ Nasdaq-100 UCITS ETF GBP Hdg Acc,58450,GBX,-0.5783296478993026,3035308.5,GBP,0.6086426553837859,631967868.288,GBP,102.49251765508143,102,0.37,Equity,Large cap
SECA,Schroder ETFs ICAV - Schroder Global Equity Custom Active UCITS ETF AccumUSD,11.317,USD,0.1504424778761014,266310.471739872,GBP,1.364210083444359,624388290.3405715,GBP,,528,0.45,Equity,Total market
IPRP,iShares European Property Yield UCITS ETF EUR,2208.5,GBX,0.38636363636363635,67668.44,GBP,0.32182169565582724,623521876.7661095,GBP,13.804752418355523,60,0.42,Equity,Real estate
AUCO,L&G Gold Mining UCITS ETF,113.19,USD,3.824986241056689,437254.8851748,GBP,0.9796027911969941,618826928.2162577,GBP,296.70609269701555,45,0.68,Equity,Materials
IEFM,iShares Edge MSCI Europe Momentum Factor UCITS ETF,1331.9,GBX,0.6727135298563939,81618.832,GBP,0.38097132768010344,610788194.6465261,GBP,69.22839333811713,125,0.25,Equity,Total market
DGIT,iShares Digitalisation UCITS ETF,924.75,GBX,1.9289060347203086,35482.6575,GBP,0.21154598933724408,595638322.6867251,GBP,51.39249651498022,211,0.41000000000000003,Equity,Theme
FXC,iShares China Large Cap UCITS ETF USD,7363,GBX,2.591612094189773,531829.49,GBP,1.5545368457300277,594443391.6412911,GBP,26.802474344355765,51,0.81,Equity,Large cap
LGAG,Legal & General UCITS ETF ICAV - L&G Asia Pacific ex Japan Equity UCITS ETF,1338.8,GBX,1.4088774428116881,214529.312,GBP,0.8968639983880626,583078994.0107348,GBP,40.1098293559486,150,0.1,Equity,Total market
GGRA,WisdomTree Global Quality Dividend Growth UCITS ETF USD Acc,49.07,USD,0.697722142417409,61912.46634076,GBP,0.7497080226394754,565803855.8001877,GBP,48.1724338823415,561,0.43,Equity,Total market
BATG,L&G Battery Value-Chain UCITS ETF Accum Shs USD,2180,GBX,0.5999077065066913,107561.2,GBP,0.5835600236546422,563764332.6188388,GBP,59.91275339360354,47,0.53,Equity,Theme
BATT,L&G Battery Value-Chain UCITS ETF Accum Shs USD,28.845,USD,0.733368255631211,33232.362806159996,GBP,0.1303756426817688,563764198.2174219,GBP,72.2578096002107,47,0.53,Equity,Theme
HQWA,HSBC Plus World Equity Quant Active UCITS ETF,13.145,USD,0.34351145038167885,0,GBP,0,551641685.845712,GBP,,627,0.28,Equity,Total market
IBGY,iShares EUR Govt Bond 5-7 Year UCITS ETF,116.58,GBP,0.04290740581824179,80556.78,GBP,10.072886297376094,548661104.9940664,GBP,5.306851944167466,31,0.17,Fixed income,Investment grade
IDPE,iShares Listed Private Equity UCITS ETF,29.73,USD,2.0597322348094798,36859.0779984,GBP,0.2682675478056042,548189086.935292,GBP,24.570023625326222,99,0.85,Equity,Large cap
DGRA,WisdomTree US Quality Dividend Growth UCITS ETF USD Acc,59.17,USD,0.6977535738597749,101717.98300776,GBP,0.2009224407570376,543578759.0276663,GBP,61.57658707845906,199,0.33,Equity,Total market
IAPD,iShares Asia Pacific Dividend UCITS ETF,2375,GBX,0.7423117709437964,748505,GBP,1.1899745512486501,537510915.183928,GBP,68.00651624116817,52,0.67,Equity,High dividend yield
ICDU,iShares S&P 500 Consumer Discretionary Sector UCITS ETF,1228,GBX,1.1115685467270482,262644.64,GBP,0.780245076043616,536255820.98578775,GBP,38.410508288178626,49,0.15,Equity,Consumer discretionary
EDMG,iShares IV PLC - iShares MSCI USA CTB Enhanced ESG UCITS ETF Hedged GBP,7.816,GBP,0.33376123234916305,16687.16,GBP,0.04863879712951361,524459538.0635,GBP,28.83829376284942,466,0.12,Equity,Total market
CNKY,iShares Nikkei 225 UCITS ETF,33735,GBX,0.13357079252003562,239855.85,GBP,0.37110496372462026,524298354.403061,GBP,96.51515403382528,226,0.48,Equity,Large cap
TREX,Invesco US Treasury Bond 7-10 Year UCITS ETF,33.3825,USD,0.26280222255593505,399514.84087599005,GBP,2.240352093740713,523087320.91811806,GBP,10.551799055628702,15,0.06,Fixed income,Investment grade
CBU3,iShares VII plc-iShares USD Treasury Bond 1-3yr UCITS ETF USD (Acc) B,125.68,USD,0.03979941096872671,91780.20188736,GBP,0.0726217504397901,513736381.8947366,GBP,12.741922756879287,93,0.07,Fixed income,Investment grade
H50A,HSBC EURO STOXX 50 UCITS ETF,66.32,GBP,0.5915364780827943,75472.15999999999,GBP,0.27963436209946924,501662673.93894225,GBP,35.04550090752419,52,0.05,Equity,Large cap
GLGG,Legal & General UCITS ETF ICAV - L&G Clean Water UCITS ETF Accum Shs USD,1543.8,GBX,1.285920482876257,172473.33599999998,GBP,0.38400989928848867,499336431.7466737,GBP,30.75903242664343,62,0.56,Equity,Theme
IEFQ,iShares Edge MSCI Europe Quality Factor UCITS ETF,1018.4,GBX,0.8416674918308744,759431.0639999999,GBP,0.3404561695382331,497399494.8285574,GBP,28.205674534713015,123,0.25,Equity,Total market
JSEG,Global Research Enhanced Index Equity SRI Paris Aligned Active UCITS ETF Accum Shs USD,41.6475,USD,0.5310482167642239,0,GBP,0,497273875.2971735,GBP,32.67800979138013,373,0.25,Equity,Total market
IDJP,iShares MSCI Japan Small Cap UCITS ETF,61.94,USD,0.8055985027260109,18449.01283792,GBP,0.05330447135222891,497009084.3308168,GBP,72.82837467434186,766,0.58,Equity,Small cap
ECAR,iShares Electric Vehicles & Driving Technology UCITS ETF,12.524,USD,-0.07978299026648765,88997.25728319999,GBP,0.4972755647251759,495131209.61415386,GBP,77.1770247211293,114,0.4,Equity,Theme
HSPA,HSBC ETFs PLC - HSBC S&P 500 UCITS ETF Accum USD,75.77,USD,0.2646552864893514,114559.99687999999,GBP,1.4309222293768333,494671510.6482245,GBP,34.27489761155935,505,0.09,Equity,Large cap
GT15,Invesco UK GILT 15+ Year UCITS ETF GBP,420.8,GBX,0.5676047081316843,702437.2320000001,GBP,1.6559365278395024,483740047.90291,GBP,,28,0.06,Fixed income,Investment grade
IJPD,iShares MSCI Japan USD Hedged UCITS ETF,123.915,USD,0.4254801847799705,74191.60614096001,GBP,0.04913761012532572,483279246.74568,GBP,108.95377762595612,168,0.67,Equity,Total market
ISDU,iShares MSCI USA Islamic UCITS ETF USD,110.44,USD,0.23597749137773727,1903895.6452947198,GBP,1.7381362520770134,478727096.6836494,GBP,77.04143429372316,141,0.3,Equity,Total market
EUHD,Invesco Markets III Plc - EURO STOXX High Div. Low Vol.,2939.25,GBX,0.17893660531697342,17077.0425,GBP,0.17256229766253822,477477438.56687057,GBP,76.7606965747731,52,0.59,Equity,High dividend yield
JUKC,JPM UK Equity Core Active UCITS ETF Accum Shs GBP,4248.25,GBX,1.2030254302900363,637.2375,GBP,0.002593764589925818,474729793.3311,GBP,35.65883677249621,146,0.25,Equity,Total market
IGWD,iShares MSCI World GBP Hedged UCITS ETF (Acc),13565,GBX,0.49636983256778777,499870.25,GBP,0.5052166879173008,463808088,GBP,75.7145965439832,1250,0.56,Equity,Total market
LCCG,Multi Units LU -Amundi MSCI China ETF Acc- Capitalisation,15.249,GBP,2.280501710376282,95489.238,GBP,1.7820655112553003,463778332.5219232,GBP,21.064870633017488,85,0.29,Equity,Total market
ESGB,VanEck UCITS ETFs Plc - Video Gaming & eSports,49.68,GBP,2.2537820314911987,53902.8,GBP,0.42424242424242425,463490550.3477472,GBP,80.30979304394765,26,0.55,Equity,Theme
IAUS,iShares MSCI Australia UCITS ETF USD,61.88,USD,1.3595413595413683,701178.63537904,GBP,0.5498875571844173,455178348.03943235,GBP,44.802272034553056,44,0.5,Equity,Total market
DJMC,iShares EURO STOXX Mid UCITS ETF,7358,GBX,0.5191256830601093,15231.06,GBP,0.9387755102040817,451972751.2087948,GBP,55.50620906854693,100,0.47000000000000003,Equity,Mid cap
BRIJ,Global X European Infrastructure Development UCITS ETF Accum Shs EUR,20.275,USD,0.7203179334326855,98171.56338149999,GBP,1.5016880802775956,450672857.11846304,GBP,32.46159020292176,47,0.47000000000000003,Equity,Theme
ISAG,iShares Agribusiness UCITS ETF,55.545,USD,0.4793777134587564,48415.00584522,GBP,0.05990761860721282,449065012.38648,GBP,22.299303831361673,104,0.58,Equity,Theme
INXG,iShares GBP Index-Linked Gilts UCITS ETF,10.782,GBP,0.4284649776452996,920718.108,GBP,0.9928692099391563,448873035.6089,GBP,0.8875392707784693,36,0.12,Fixed income,Investment grade
IBZL,iShares MSCI Brazil UCITS ETF USD (Dist),2610.75,GBX,1.734047735021919,764610.3525,GBP,0.9831217396558554,448635904.01663136,GBP,52.367344304522454,47,0.77,Equity,Total market
XUEK,Xtrackers S&P Europe ex UK UCITS ETF,7393,GBX,0.9283276450511946,319599.39,GBP,0.32445455159525366,446708873.5713522,GBP,52.2063628080595,310,0.09,Equity,Total market
HMXA,HSBC ETFs Plc - MSCI Pacific (ex-Japan),20.93,USD,1.159980666988876,0,GBP,0,441246440.91991687,GBP,31.022001733815085,90,0.17,Equity,Total market
HPAO,HSBC MSCI World Climate Paris Aligned UCITS ETF AccumUSD,29.015,GBP,0.3805569970593303,1131.585,GBP,0.014572357359040465,432951286.3249924,GBP,56.78732259421654,409,0.18,Equity,Theme
IDUP,iShares US Property Yield UCITS ETF,30.515,USD,1.6489007328447733,3346937.3673454598,GBP,7.330032586455149,428315473.3045956,GBP,33.931440544046815,89,0.41000000000000003,Equity,Real estate
IGLA,iShares Global Govt Bond UCITS ETF Accum USD,4.545,USD,0.308982564555291,678994.25149332,GBP,0.9726046746722066,425938240.7521867,GBP,5.763272532438788,904,0.21,Fixed income,Investment grade
DAGB,VanEck Crypto and Blockchain Innovators UCITS ETF,9.43,GBP,1.1585496674533422,1205069.13,GBP,0.831646711380045,425373011.79316604,GBP,202.27240158162223,21,0.65,Equity,Theme
XLVP,Invesco Health Care S&P US Select Sector UCITS ETF,63900,GBX,2.2399999999999998,48564,GBP,0.2237926972909305,413222988.8705776,GBP,24.851564990804288,60,0.14,Equity,Health care
HKOD,HSBC MSCI Korea Capped UCITS ETF,148.75,USD,-0.4750434898969677,307440.58289,GBP,0.5441770665392807,409343978.61436796,GBP,235.4038205952397,78,0.8200000000000001,Equity,Total market
GIL5,Multi Units Luxembourg SICAV - Amundi UK Government Bond Dist Distribution,17.6325,GBP,0.07094211123722638,358292.4,GBP,0.21246584810155703,408731332.359,GBP,11.715060367570063,20,0.06,Fixed income,Investment grade
XGDG,Xtrackers IE Physical Gold GBP Hedged ETC Underlying Tracker 2020-23.05.80 (Exp.08.04.80) on Gold Secured,4822,GBX,1.7728999577880964,263522.3,GBP,1.0850789238558523,406402967.12148,GBP,114.52568798644256,,0.33,Commodities,Gold
DXJG,WisdomTree Japan Equity UCITS ETF JPY Acc,3444,GBX,0.24741667879493523,60028.92,GBP,1.7083210820346957,405111374.0100544,GBP,72.84759467206771,504,0.4,Equity,Total market
DXJZ,WisdomTree Japan Equity UCITS ETF JPY Acc,45.58,USD,0.38542010791762393,49101.515358,GBP,0.2214073740308572,405111277.4315028,GBP,86.19120377215896,504,0.4,Equity,Total market
SSHY,PIMCO Advantage US Short-Term High Yield Corporate Bond UCITS ETF USD,68.715,GBP,-0.12354651162789788,5428.485000000001,GBP,0.1122637487565724,399614362.6102208,GBP,4.0974025221486094,882,0.55,Fixed income,High yield
MXFP,Invesco MSCI Emerging Markets UCITS ETF,6415,GBX,0.4305283757338552,33422.15,GBP,0.16275146819942524,390579060.96000904,GBP,76.94523184918027,1179,0.09,Equity,Total market
JSEU,JPMorgan ETFs IE - US Res En Idx Eq Sri Par Al Act UCITS ETF Accum Unhedged USD,43.5325,USD,0.5427565101911183,0,GBP,0,388169709.75877696,GBP,29.458835076967276,169,0.2,Equity,Total market
LGEG,Legal & General UCITS ETF Plc - Europe (ex-UK) Equity,1843.2,GBX,0.7874015748031546,22597.632,GBP,0.08856717668646064,386432458.6486068,GBP,46.611270037222035,319,0.1,Equity,Total market
BCOG,L&G All Commodities UCITS ETF,1643,GBX,0.1218769043266301,708165.86,GBP,1.088467327292746,384578216.52887815,GBP,46.04924980818447,3,0.15,Commodities,Broad market
FLO5,iShares USD Floating Rate Bond UCITS ETF Unhedged USD,385.375,GBX,-0.13604560767037505,64311.38,GBP,0.6201504295864673,383582466.46265495,GBP,8.77080898931413,555,0.11,Fixed income,Investment grade
IKSA,iShares III PLC - MSCI Saudi Arabia Capped UcitsETF USD Accum Ptg.Shs,6.212,USD,0.3148970528865539,39982.578916896,GBP,0.20186979706323785,380075545.01772773,GBP,9.442469895496256,29,0.62,Equity,Total market
PHPT,WisdomTree Physical Platinum,153.17,USD,3.465279654147525,41453.61878391999,GBP,0.2688898903409944,377918356.1644548,GBP,82.8270040045333,,0.49,Commodities,Platinum
EQQD,Invesco NASDAQ-100 Swap UCITS ETF USD,92.895,USD,-0.6523715309341741,140.45203787999998,GBP,0.0005457323728443571,375375748.89360243,GBP,106.13792826112198,,0.2,Equity,Large cap
EMMV,iShares Edge MSCI EM Minimum Volatility UCITS ETF,45.27,USD,0.4995004995005026,51128.94154536,GBP,0.027414805830141973,373579650.88416,GBP,52.20918016889573,293,0.46,Equity,Total market
GHYG,iShares Global High Yield Corp Bond UCITS ETF,4.493,GBP,0.13371963449967075,164614.534,GBP,0.3438031356857858,373019948.8312,GBP,23.796300011521712,1978,0.61,Fixed income,High yield
ARMG,Global X Defence Tech UCITS ETF,20.315,GBP,1.727591387080633,440835.5,GBP,1.856430349641974,368167118.23404896,GBP,52.88338291849585,51,0.5,Equity,Theme
SBIO,Invesco NASDAQ Biotech UCITS ETF,72.24,USD,3.673938002296194,3347079.1536739194,GBP,4.544874789585697,365961739.87747025,GBP,73.08452062654898,246,0.4,Equity,Health care
XGLD,Xtrackers Physical Gold ETC 2010-15.6.60 Physical Gold Commodity,400.88,USD,1.7875279301239135,112736.10859391998,GBP,1.1599625818521984,361272705.1599566,GBP,120.42721562606198,,0.25,Commodities,Gold
HMAF,HSBC MSCI AC FAR EAST ex JAPAN UCITS ETF USD,70.155,GBP,0.29306647605432207,38374.785,GBP,0.19579067936144318,360074002.5436952,GBP,104.34052546787925,829,0.53,Equity,Total market
HMAD,HSBC MSCI AC FAR EAST ex JAPAN UCITS ETF USD,92.825,USD,0.5796944414346046,140626.8942036,GBP,0.8872360207198832,360073916.702053,GBP,120.11534779227256,829,0.53,Equity,Total market
IUKP,iShares UK Property UCITS ETF,416,GBX,0.8240426563257337,1358743.36,GBP,0.6918190770083227,357418375.0544,GBP,14.435471278969537,27,0.45,Equity,Real estate
EMES,iShares II PLC - iShares J.P. Morgan Advanced USD EM Bond UCITS ETF USD,4.18675,USD,0.3415218693828556,1614914.673403101,GBP,14.640648717514626,356376682.4460381,GBP,28.651109761743378,748,0.47000000000000003,Fixed income,Broad credit
WCOA,WisdomTree Enhanced Commodity UCITS ETF USD Acc,23.7,USD,0.21141649048626093,55039.599820799995,GBP,0.24771596526170644,354266855.7618422,GBP,61.63010823490678,82,0.35000000000000003,Commodities,Broad market
CMB1,iShares FTSE MIB UCITS ETF EUR (Acc),20977.5,GBX,0.647715005397625,168659.1,GBP,2.5564387917329094,348145882.696166,GBP,95.43242106839152,42,0.33,Equity,Total market
JAAV,JPMorgan ETFs (Ireland) ICAV - US Value Equity Active UCITS ETF Accum- USD,2881.25,GBX,1.061031217116801,7865.8125,GBP,68.25,344948557.57756275,GBP,22.310897044871783,149,0.53,Equity,Total market
VGOV,Vanguard UK Gilt UCITS ETF,15.115,GBP,0.2786439328600797,630219.925,GBP,0.5394024463605374,344875069.44,GBP,-3.727007766159879,66,0.05,Fixed income,Investment grade
JAAA,Janus Henderson USD AAA CLO Active Core UCITS ETF -USD ACC- Capitalisation,10.796,USD,-0.01852194850898933,118023.07134923198,GBP,0.19214696764952477,344009629.6810844,GBP,,80,0.25,Fixed income,Investment grade
COMX,WisdomTree Broad Commodities UCITS ETF AccumUSD,1321.1,GBX,0.11367080933616248,21375.397999999997,GBP,0.17393734815420006,342880278.1977623,GBP,46.48508908050202,41,0.19,Commodities,Broad market
ASIL,Multi Units LU - Amundi MSCI China ESG Leaders Extra -Acc- Capitalisation,8629.5,GBX,2.774965759542667,7766.55,GBP,150,338726516.79961765,GBP,18.15819538509365,163,0.81,Equity,Total market
ASIU,Multi Units LU - Amundi MSCI China ESG Leaders Extra -Acc- Capitalisation,114.18,USD,2.9112212708427254,0,GBP,0,338726436.04721606,GBP,27.279854116776793,163,0.81,Equity,Total market
INRA,iShares Global Clean Energy Transition UCITS ETF Accum Shs USD,19.201,GBP,0.7609151973131799,33140.926,GBP,0.17841637378540418,331170807.72112185,GBP,44.31152733247663,105,0.73,Equity,Theme
HTWD,HSBC MSCI TAIWAN UCITS ETF USD,181.87,USD,-0.06593768888400711,857379.08196304,GBP,0.3197768331017225,322489428.33471,GBP,244.69190303157785,77,0.77,Equity,Total market
XUST,Xtrackers II US Treasuries UCITS ETF Shs 1C Capitalisation,8.0555,USD,0.192786069651756,22964.381053866,GBP,0.26447567749537115,321473718.05332154,GBP,10.639670555936858,304,0.07,Fixed income,Investment grade
IOGP,iShares Oil & Gas Exploration & Production UCITS ETF USD,35.91,USD,1.269035532994912,2252247.0817517997,GBP,14.755366638803423,319833972.73855996,GBP,32.96756706234228,72,0.56,Equity,Energy
UESD,iShares IV Public Limited Company - iShares UltraShort Bond ESG SRI UCITS ETF GBP,5.0245,GBP,0.10958358238692201,550564.612,GBP,0.4895105207504553,318826679.8644,GBP,15.464778196494736,137,0.09,Fixed income,Investment grade
GLT5,Invesco UK Gilt 1-5 Year UCITS ETF GBP,3596.25,GBX,0.041727519298977674,104219.325,GBP,0.2818983881793333,315713605.93,GBP,11.318453586269094,17,0.08,Fixed income,Investment grade
IUVD,iShares Edge MSCI USA Value Factor UCITS ETF,12.046,USD,-0.5202741762325593,1939753.4036044078,GBP,1.9891822938505115,315159328.8585896,GBP,134.06259460046573,148,0.21,Equity,Total market
HDLG,Invesco S&P 500 High Dividend Low Volatility UCITS ETF,2760,GBX,1.0248901903367496,458574,GBP,1.2546819307678367,314577629.23798,GBP,29.106496469835026,51,0.3,Equity,Large cap
KLWD,WisdomTree Cloud Computing UCITS ETF USD Acc,3220,GBX,3.27132777421424,596666,GBP,0.6049624551093699,309046033.0055942,GBP,31.679618780877526,66,0.41000000000000003,Equity,Information technology
VPN,Global X Data Center REITs & Digital Infrastructure UCITS ETF Accum USD,25.265,USD,2.7450183001220037,108333.11599376,GBP,0.32393288329963793,308772884.6814168,GBP,119.04656102524906,26,0.5,Equity,Real estate
SPED,Invesco Markets II plc - Invesco S&P 500 Equal Weight UCITS ETF USD,67.555,USD,1.357839459864968,17721.18189562,GBP,0.10420733355356017,306977657.59213644,GBP,55.27576093837322,505,0.21,Equity,Large cap
GEP,Hanetf ICAV - Lloyd Growth Equity UCITS ETF AccumUSD,29.2325,USD,-0.008551393877194207,18784.108766499998,GBP,0.25555455338083644,303112945.57879996,GBP,42.60994775976372,25,0.9500000000000001,Equity,Total market
PSRW,Invesco Markets III PLC - Invesco RAFI All-World Fundamental Value UCITS ETF,3079,GBX,0.9177318911832186,56622.81,GBP,0.09905789958470015,295353434.9138192,GBP,70.4065121308173,1201,0.39,Equity,Total market
PHPM,WisdomTree Metal Securities Ltd.,257.8,USD,2.2610075366917957,21242.964394399998,GBP,0.21214480342545738,282352284.8742547,GBP,105.7905362515297,,0.44,Commodities,Broad market
XD5D,Xtrackers MSCI EMU UCITS ETF Capitalisation 1CUSD hedged,103.55,USD,0.70018477098123,21918.652168,GBP,0.04817535830422739,282224108.82480204,GBP,69.45858658538397,218,0.18,Equity,Total market
RBOD,iShares Automation & Robotics UCITS ETF USD,14.91,USD,0.7262286775882447,68519.70697908,GBP,0.10755560902766474,279752133.0103565,GBP,100.08946862674976,159,0.44,Equity,Theme
BB3M,BetaBuilders US Treasury Bond 0-3 Months UCITS ETF Accum Shs USD,119.78,USD,0.016700066800263876,361748.55300919997,GBP,0.387371401421493,271210139.5214432,GBP,14.033240659401388,,0.07,Fixed income,Investment grade
XLFQ,Invesco Financials S&P US Select Sector UCITS ETF,32625,GBX,1.8258426966292134,353655,GBP,2.6297913634158174,270486691.93045056,GBP,57.015248405015974,77,0.14,Equity,Financials
0Y3P,iShares J.P. Morgan $ EM Bond CHF Hedged UCITS ETF (Dist),2.7479,CHF,0.22248158144284755,88674.257091199,GBP,2.814754332281642,269503663.533264,GBP,14.006974597062937,609,0.53,Fixed income,Broad credit
JPHY,USD High Yield Bond Active UCITS ETF AccumUnhedged USD,10.978,USD,0.17337348298202507,149.383091088,GBP,0.0028531122699678234,264805623.33842233,GBP,10.213168923275322,520,1.23,Fixed income,High yield
D26A,iShares iBonds Dec 2026 Term USD Corp UCITS ETF Accum USD,116.86,USD,-0.01711156741957223,162020.85644528,GBP,0.21774490365322283,261610335.3331698,GBP,7.948586545520017,92,0.13,Fixed income,Investment grade
S5ED,UBS (Irl) ETF plc - UBS S&P 500 ESG Elite UCITS ETF USD,4374.75,GBX,0.3555657509892757,107750.0925,GBP,1.0624622551979985,260388601.7603568,GBP,,120,,Equity,Large cap
MLPD,Invesco Morningstar US Energy Infrastructure MLP UCITS ETF,56.03,USD,0.4571940833706904,67263.09252208,GBP,0.8205870194295163,260357622.07345563,GBP,58.73741506622411,15,0.5,Equity,Energy
IEMS,iShares MSCI EM Small Cap UCITS ETF,114.01,USD,0.5645232424803746,164102.65213888,GBP,1.67311072056239,259990437.75684968,GBP,54.60656823510405,1754,0.81,Equity,Small cap
DOCG,Legal & General UCITS ETF Plc - Healthcare Breakthrough,1360.8,GBX,2.624434389140268,159240.816,GBP,0.6794363384059781,259587993.05926824,GBP,57.97352841327239,63,0.49,Equity,Health care
GBEG,Invesco Global Corporate Bond ESG Climate Transition UCITS ETF -PFHGD- GBP,488.1,GBX,0.1590314471861764,0,GBP,0,252992832.345,GBP,4.635799601766024,3688,0.29,Fixed income,Broad credit
ESGG,Invesco MSCI World Universal Screened UCITS ETF Accum Shs USD,8071,GBX,0.37932964367887567,4116.21,GBP,0.07867941993211972,239849727.85001513,GBP,65.2863905230157,1150,0.19,Equity,Total market
HNSC,HSBC Nasdaq Global Semiconductor UCITS ETF,43.1475,USD,-2.469484629294758,397551.86319155997,GBP,2.288525452053251,239405699.4270284,GBP,194.23711465165454,82,0.38,Equity,Total market
EMUU,iShares MSCI EMU USD Hedged UCITS ETF (Acc),14.586,USD,0.6486337289539015,611557.710267504,GBP,1.2326422843731664,231836579.142,GBP,67.79393869154543,216,0.41000000000000003,Equity,Total market
EMHD,Invesco Markets III Plc - FTSE EM High Div. Low Vol.,30.29,USD,0.631229235880391,6388.65133452,GBP,0.05934276294799532,225437988.6542704,GBP,62.333169260923796,193,0.49,Equity,High dividend yield
FEP,Hanetf ICAV - Lloyd Focused Equity Ucits ETF AccumUSD,24.1,USD,1.591316260933718,2732.83878,GBP,0.03606896385889821,224672094.15512398,GBP,18.065111845828508,31,0.93,Equity,Total market
PRUK,Amundi Prime UK Mid and Small Cap UCITS ETF DR,2570.25,GBX,1.631079478054567,6579.84,GBP,0.05980050923871149,223177270.2618,GBP,42.930101029501394,151,0.05,Equity,Extended market
IUSF,iShares MSCI USA Mid-Cap Equal Weight UCITS ETF Accum Shs USD,1004.25,GBX,1.324252743094968,139329.645,GBP,3.119154676258993,218993801.02812216,GBP,38.2675374466021,293,0.2,Equity,Mid cap
HMUD,HSBC MSCI USA Quality UCITS ETF USD,73.475,USD,0.44429254955569186,75541.25807199998,GBP,1.27316981838607,214415517.07201922,GBP,78.75626153752219,119,0.15,Equity,Total market
VGER,Germany All Cap UCITS ETF,29.425,GBP,1.030042918454938,499695.35000000003,GBP,1.709706323557542,210333810.52717996,GBP,51.169026124707685,146,0.07,Equity,Total market
IHHG,iShares USD High Yield Corp Bond UCITS ETF,4.148,GBP,0.1932367149758456,65824.612,GBP,0.4813061293815418,209464376.4,GBP,23.815835918528407,1328,0.59,Fixed income,High yield
JSEM,JPM Global Emerging Markets Research Enhanced Index Equity SRI Paris Aligned Active UCITS ETF Accum Shs USD,41.26,USD,0.7201269376296706,9045.5073688,GBP,0.2807085470912787,202775872.2267116,GBP,,280,0.55,Equity,Total market
IRCP,iShares V PLC - iShares EUR Corp Bond Interest Rate Hedged ESG SRI UCITS ETF Shs EUR,99.04,EUR,0.07072850358695301,62286.17340064001,GBP,0.8644995922171735,200799427.5810765,GBP,15.52235644305055,2221,0.31,Fixed income,Investment grade
ID31,ISHARES IBONDS DEC 2031 TERM USD CORP UCITS ETF AccumUSD,107.06,USD,0.13093901982790926,1032965.26629016,GBP,0.7918083232002383,189557342.85790092,GBP,7.447884962328352,414,0.15,Fixed income,Investment grade
HWVL,HSBC ETFs PLC - HSBC MSCI World Value Screened UCITS ETF AccumUSD,29.59,USD,0.44980056012900044,0,GBP,0,185650788.17204806,GBP,45.99123089499369,230,0.26,Equity,Total market
RISE,iShares Fallen Angels High Yield Corp Bond UCITS ETF,390.925,GBX,-0.012788541466848612,2654.3807500000003,GBP,0.04237764158126646,184933014.78878137,GBP,15.929215785373971,195,0.65,Fixed income,High yield
DPYA,iShares Developed Markets Property Yield UCITS ETF,6.058,USD,1.135225375626037,296506.69677574397,GBP,0.8568622831838263,182458535.51911092,GBP,27.191281251317495,323,0.6,Equity,Real estate
IJPH,iShares MSCI Japan GBP Hedged UCITS ETF (Acc),187.82,GBP,0.4277617367126419,232896.8,GBP,1.0611895592640137,182319648,GBP,107.59330402494913,168,0.64,Equity,Total market
EMLB,PIMCO Advantage Emerging Markets Local Bond UCITS ETF Accum USD,130.595,USD,0.2725737100737022,38601.929865939994,GBP,0.3031477748488138,181279622.3385673,GBP,26.090461479050013,159,0.43,Fixed income,Broad credit
EMGB,VanEck J.P. Morgan EM Local Currency Bond UCITS ETF Accum A USD,52.285,GBP,0.2204331991565936,6221.915,GBP,0.513595166163142,179661965.5276686,GBP,17.01466143307912,452,0.3,Fixed income,Broad credit
IGBE,Invesco Markets II PLC - Invesco GBP Corporate Bond Screened & Tilted UCITS ETF,3175.75,GBX,0.2683716157549925,104418.66,GBP,0.6663424124513619,178456364.938,GBP,17.559883643901046,480,0.18,Fixed income,Investment grade
EUXS,iShares MSCI Europe ex-UK GBP Hedged UCITS ETF (Dist),923.5,GBX,0.9069055944055894,150641.32,GBP,0.6041727625940316,174789090,GBP,55.09098116439698,321,0.4,Equity,Total market
HIDD,HSBC MSCI Indonesia UCITS ETF,36.36,USD,1.3095569796600692,44391.7342008,GBP,0.39832285115303984,173097567.215538,GBP,-47.36719248414892,11,0.58,Equity,Total market
EMHG,iShares J.P. Morgan USD EM Bond UCITS ETF,3.65875,GBP,0.3221826158486468,1164978.92875,GBP,1.3766210183854126,172711762.137,GBP,29.188713625138966,609,0.51,Fixed income,Broad credit
XYLP,Global X ETFs ICAV-Global X S&P 500Covered Call UCITS ETF USD,12.031,GBP,-0.1411022576361177,73930.49500000001,GBP,0.4544479695900724,167590234.92420623,GBP,14.244039235301424,35,0.45,Equity,Large cap
IBGT,iShares USD Treasury Bond 1-3yr UCITS ETF AccumHedged GBP,5.479,GBP,0.05478451424397578,22036.538,GBP,0.05998633826806227,164707668.127,GBP,5.796513984596677,93,0.1,Fixed income,Investment grade
IRSA,iShares MSCI South Africa UCITS ETF USD,57.035,USD,2.4611515314829737,18755.8354137,GBP,0.3056492411467116,162280688.9462328,GBP,93.5856060501129,29,0.68,Equity,Total market
CHNX,Invesco Markets II plc - Invesco ChiNext 50 UCITS ETF Accum-ACC- Unhedged USD,749.6,GBX,0.8747140357959898,172527.93600000002,GBP,1.6048418586489652,162100997.8832779,GBP,67.04748723198381,49,0.5700000000000001,Equity,Large cap
CN50,Invesco Markets II plc - Invesco ChiNext 50 UCITS ETF Accum-ACC- Unhedged USD,9.919,USD,0.7005076142132065,16714.125891372,GBP,0.03777722790735512,162100959.23839998,GBP,77.06152411344715,49,0.5700000000000001,Equity,Large cap
EDVD,State Street SPDR S&P Emerging Markets Dividend Aristocrats UCITS ETF USD,17.195,USD,1.0875955320399688,3834.6868692999997,GBP,0.12992732878220656,161883844.07999998,GBP,46.565283534773144,50,0.55,Equity,High dividend yield
JRAE,JPMorgan ETFs (IE) ICAV - AC APAC ex-Japan REI Eq. Active,2888.75,GBX,0.5919735353007748,0,GBP,0,160051460.70252496,GBP,52.87760160033904,341,0.49,Equity,Total market
RTWP,L&G Russell 2000 US Small Cap Quality UCITS ETF,10237,GBX,1.291248206599713,59681.71,GBP,0.3366828366828367,159613332.6799214,GBP,47.353921519297586,1020,0.3,Equity,Small cap
RTWO,L&G Russell 2000 US Small Cap Quality UCITS ETF,135.5,USD,1.42974773560895,1229.210472,GBP,0.008826125330979701,159613294.62810287,GBP,58.729452268507245,1020,0.3,Equity,Small cap
EEI,WisdomTree Europe High Dividend UCITS ETF Ptg. EUR,1351,GBX,0.41623309053069035,12226.55,GBP,0.047610530081437674,157525510.54356313,GBP,56.32582973893412,231,0.29,Equity,High dividend yield
DEM,WisdomTree Emerging Markets High Dividend UCITS ETF USD,1489,GBX,0.42998060871764604,6804.73,GBP,0.0795640516731084,157330264.17530996,GBP,59.595437494522955,505,0.46,Equity,High dividend yield
TIPA,Multi Units Luxembourg SICAV - Amundi US TIPS -C-USD- Capitalisation,22.845,USD,0.19736842105262348,185084.52270377998,GBP,0.21462373257446343,155159872.9738176,GBP,12.069354638885578,48,0.13,Fixed income,Investment grade
IPXJ,iShares MSCI Pacific ex-Japan UCITS ETF (Dist) USD,55.305,USD,0.44496912459135024,232458.21491759998,GBP,3.1421305453517943,152494475.88691697,GBP,55.01571914332901,89,0.62,Equity,Total market
EEUR,Invesco Markets II PLC - Invesco MSCI Europe ESGUniversal Screened UCITS ETF AccumEUR,91.09,USD,1.0146936512337192,0,GBP,0,148647506.42918593,GBP,58.462489080562186,354,0.19,Equity,Total market
0E79,Amundi Italy BTP Government Bond 1-3Y UCITS ETF D Shs -Acc- Capitalisation,104.32,EUR,0,15031.198611199998,GBP,0.127896479085164,148414962.03239834,GBP,8.909779530095056,,0.17,Fixed income,Investment grade
HSEF,HSBC ETFs PLC - HSBC Emerging Market Screened Equity UCITS ETF Accum USD,17.311,GBP,1.1274681621684859,1367.569,GBP,0.012599881975789089,146970811.67221048,GBP,69.03263468541591,370,0.18,Equity,Theme
U71G,Amundi US Treasury Bond 7-10Y UCITS ETF -Dist- Distribution,6222.5,GBX,0.13678789829417443,2115.65,GBP,0.30249110320284694,146635612.22701845,GBP,2.2753458940966125,13,0.08,Fixed income,Investment grade
SWSC,State Street World Small Cap Enhanced Active Equity UCITS ETF AccumUSD,11.394,USD,1.235006663705014,0,GBP,0,146289056.068134,GBP,,556,0.45,Equity,Small cap
HIEM,HSBC MSCI Emerging Markets Islamic Screened Capped UCITS ETF Accum Shs USD,29.7,USD,0.40567951318458756,403424.15541119996,GBP,0.9108744252538515,145858960.918174,GBP,130.71802849823143,,0.46,Equity,Total market
FGLR,Fidelity Global Equity Research Enhanced UCITS ETF Accum Shs USD,12.483,USD,0.41023166023166147,37.747193904,GBP,0.000008842551951650695,144999908.73409998,GBP,71.60505769363643,654,0.4,Equity,Total market
N400,Invesco JPX-Nikkei 400 UCITS ETF,295.45,USD,0.5616065350578547,500084.96544859995,GBP,2.086867368813496,144743857.82606715,GBP,75.29880145254612,402,0.24,Equity,Total market
TFRN,WisdomTree USD Floating Rate Treasury Bond UCITS ETF USD Acc,61.765,USD,0.04049238743116064,60046.697205879995,GBP,0.15867727805540133,144356509.69486466,GBP,14.197048819935079,9,0.15,Fixed income,Investment grade
BUYB,Invesco Global Buyback Achievers UCITS ETF,75.42,USD,1.6168148746968511,114.03081648,GBP,0.006648936170212766,143290616.68922156,GBP,76.2302965266032,430,0.5700000000000001,Equity,Total market
UKRE,iShares MSCI Target UK Real Estate UCITS ETF,357.4,GBX,0.14009526478005044,488933.92199999996,GBP,2.481885175415362,143080357.7,GBP,12.183808250628436,28,0.4,Equity,Real estate
GLTA,Invesco Markets II PLC - UK GILTS UCITS ETF AccumGBP,3163.25,GBX,0.2535456778385231,27109.0525,GBP,0.17848960719790063,141408969.291,GBP,6.164328192912607,68,0.06,Fixed income,Investment grade
IASP,iShares Asia Property Yield UCITS ETF,1566,GBX,0.9345794392523363,3774.06,GBP,0.04878641268041863,138115039.89809495,GBP,7.219281434584063,129,0.6,Equity,Real estate
ESEM,Invesco MSCI Emerging Markets Universal Screened UCITS ETF,59.025,USD,0.8457201435161411,937.0461932999999,GBP,0.0466977985323549,135154186.104,GBP,94.2129302009357,473,0.27,Equity,Total market
XDEG,Xtrackers MSCI Emerging Markets Ex China UCITS ETF,185.28,USD,0.40643797756462363,17648.37801216,GBP,0.3946132164108988,134735946.4312139,GBP,104.46134112455138,590,0.21,Equity,Total market
CHRG,WisdomTree Battery Solutions UCITS ETF USD Acc,3582,GBX,0.20981955518254303,111364.38,GBP,1.9714648065948002,134391060.34124583,GBP,38.762530151670326,113,1,Equity,Theme
IMIB,iShares FTSE MIB UCITS ETF (Dist),2571.5,GBX,0.675345013213272,8074.51,GBP,0.2135909121828447,132036445.45175995,GBP,95.19046149922302,42,0.35000000000000003,Equity,Large cap
JEAQ,JPMORGAN ETFS (IRELAND) ICAV - NASDAQ Equity Premium Income Active Ucits ETF Accum USD,2586.25,GBX,-0.37557781201849,155.175,GBP,0.006305170239596469,131233497.18249169,GBP,25.577928971508534,95,0.35000000000000003,Equity,Total market
XLUP,Invesco Utilities S&P US Select Sector UCITS ETF,45782.5,GBX,0.9926653063475432,239900.3,GBP,0.446870202967764,130077930.87148474,GBP,42.09985167501793,32,0.14,Equity,Utilities
HCBG,HSBC Global Funds ICAV - Global Corporate Bond UCITS ETF - GBP,10.336,GBP,0.17445241325839003,10.336,GBP,0.00030828991583685297,129873612.501,GBP,7.496866721353738,4668,0.13,Fixed income,Investment grade
HQIW,HSBC Plus World Equity Income Quant Active UCITS ETF - USD,9.86,GBP,0.31029045221018337,52031.219999999994,GBP,4.377436748237246,128768862.08890232,GBP,,322,0.29,Equity,Total market
HYSD,iShares Broad USD High Yield Corp Bond UCITS ETF -Hedge- GBP,4.743,GBP,0.1795332136445373,628162.92,GBP,5.486807054466213,127743365.865,GBP,8.347581351696292,1901,0.26,Fixed income,High yield
CBGA,iShares USD Treasury Bond 3-7yr UCITS ETF Accum Hedged GBP,5.3855,GBP,0.1487680148768016,0,GBP,0,126896320.452,GBP,4.703849663178743,90,0.1,Fixed income,Investment grade
HIEU,HSBC ETFS PLC - HSBC MSCI Europe Islamic Screened UCITS ETF Accum Shs EUR,35.7125,USD,1.0397510256047524,911710.6421884999,GBP,7.817672523554877,126659699.4382243,GBP,35.12199711600264,107,0.56,Equity,Total market
USAG,State Street SPDR Bloomberg U.S. Aggregate Bond UCITS ETF USD,90.27,USD,0.2554420257663147,477.69114707999995,GBP,0.012285012285012286,125784871.52489942,GBP,13.105870683661387,2540,0.17,Fixed income,Investment grade
GHYS,iShares Global High Yield Corp Bond GBP Hedged UCITS ETF Dist,86.79,GBP,0.11535355865729441,52507.950000000004,GBP,0.4841549295774648,125515480.2564,GBP,23.715686468024636,1702,0.62,Fixed income,High yield
GOAT,VanEck Morningstar Global Wide Moat UCITS ETF Accum A USD,36.6375,USD,1.3625674367132374,75972.66294345,GBP,1.101960469227061,122643760.45026,GBP,52.11114742832239,76,0.52,Equity,Total market
HIWO,HSBC MSCI World Islamic Screened UCITS ETF Accum Shs USD,37.81,USD,0.4249667994688013,201083.52478620003,GBP,0.7342120917999937,122246375.7551568,GBP,52.075844569867094,326,0.3,Equity,Total market
ID34,Ishares Ibonds Dec 2034 Term USD Corp Ucits ETF AccumUSD,105.23,USD,0.19042178425212114,250585.440714,GBP,0.29754595431961156,121287216.19897017,GBP,5.9357714602824085,221,0.12,Fixed income,Investment grade
XLCP,Invesco Communications S&P US Select Sector UCITS ETF,7234,GBX,-1.4307126311486578,2531.9,GBP,0.026703288319218737,118118664.44284849,GBP,61.93564364755741,25,0.14,Equity,Communication services
GSLC,Goldman Sachs ActiveBeta Paris-Aligned Sustainable US Large Cap Equity UCITS ETF,106.08,USD,0.4165088981446401,561.35456832,GBP,0.7368421052631579,117704991.5944,GBP,77.22028441105448,348,0.33,Equity,Large cap
REAG,L&G Emerging Markets Equity UCITS ETF Accum USD,18.135,EUR,0.6549370039407343,1967.4542534400002,GBP,3.3507853403141357,116739040.21769533,GBP,53.46101121861375,1432,0.21,Equity,Total market
FEX,First Trust Global Funds ICAV - First Trust US Large Cap Core AlphaDEX UCITS ETF Accum.Shs Class A USD,8561,GBX,1.0564835035117748,0,GBP,0,116116598.16903538,GBP,57.723337212860834,376,0.68,Equity,Large cap
KWBE,KraneShares CSI China Internet UCITS ETF EUR,11.79,EUR,4.105960264900661,174116.03991408,GBP,1.9319214990575453,115131307.72307469,GBP,-9.867245036585068,45,0.75,Equity,Theme
CSUK,iShares MSCI UK UCITS ETF,19942,GBX,0.936376980310776,355565.86,GBP,0.39963241886318807,113593727.2608,GBP,49.94649100220946,66,0.16,Equity,Total market
PHPD,WisdomTree Physical Palladium,104.82,USD,2.393279281039356,90651.68688575999,GBP,1.7990250039314357,113496231.77080607,GBP,-1.8310969731140485,,0.49,Commodities,Palladium
MCHT,Invesco MSCI China Technology All Shares Stock Connect UCITS ETF AccumUSD,27.6675,USD,2.700445434298438,78120.71958285,GBP,0.7729398617606887,111685413.35,GBP,24.454909728503356,101,0.55,Equity,Information technology
HQEM,HSBC Plus Emerging Mrkts Equity Income Quant Active UCITS ETF,13.744,USD,0.7698511621086621,0,GBP,0,110989767.9156,GBP,,294,0.37,Equity,Total market
XLEP,Invesco Energy S&P US Select Sector UCITS ETF,70740,GBX,0.8266818700114025,420903,GBP,0.6319702602230484,110351617.27078924,GBP,43.14234487768792,22,0.14,Equity,Energy
SGWS,iShares MSCI World SRI UCITS ETF Hedged GBP,9.243,GBP,0.7411444141689331,2421.666,GBP,0.023646209386281588,109428907.4288,GBP,59.97664479305326,357,0.23,Equity,Total market
HCHA,HSBC MSCI China UCITS ETF Accum USD,8.1105,USD,2.4570490146538617,795421.095146286,GBP,11.031547619047618,108244304.13225964,GBP,12.483706432417115,580,0.3,Equity,Large cap
HNCS,HSBC ETFs NASDAQ Global Climate Tech UCITS ETF USD Cap Accum- USD,11.77,GBP,0.8482563619227161,15571.71,GBP,2.834797514463253,107899013.30511038,GBP,34.88432744280025,134,0.5,Equity,Theme
HSDU,HSBC ETFs PLC - HSBC USA Screened Equity UCITS ETF -USD-,42.4525,USD,0.3190169551603899,0,GBP,0,107438917.29856083,GBP,45.57935039084318,320,0.12,Equity,Theme
QUID,PIMCO Sterling Short Maturity UCITS ETF,103.6,GBP,0.019308746862324793,315358.39999999997,GBP,0.6535274163768302,107065127.5551,GBP,8.665666267810558,220,0.19,Fixed income,Investment grade
GNOG,Global X Genomics & Biotechnology UCITS ETF,9.142,GBP,4.217966256269941,438633.16,GBP,1.3900557992386273,105701545.73658225,GBP,53.404492460003084,51,0.5,Equity,Theme
ICBM,First Trust Global Funds ICAV - First Trust Indxx Global Aerospace & Defence UCITS ETF Accu A USD,2401.75,GBX,1.1369617854511,100801.4475,GBP,4.340227507755946,105627353.45630482,GBP,52.57583045007021,52,0.68,Equity,Industrials
CMCG,Invesco Bloomberg Commodity Carbon Tilted UCITS ETF,640.85,GBX,0.20326792275820005,0,GBP,0,105025593.81977622,GBP,53.10901222273273,1,0.35000000000000003,Commodities,Broad market
AEGG,iShares Global Aggregate Bond ESG SRI UCITS ETF Accum GBP Hedged,4.86675,GBP,0.2781641168289213,4676.94675,GBP,0.18162231629876022,104770879.6078,GBP,12.395375722543358,11159,0.14,Fixed income,Investment grade
SPLG,Invesco S&P 500 Low Volatility UCITS ETF,3968,GBX,1.1728709841917389,83248.64,GBP,1.1794468180796043,103944587.2391896,GBP,19.13835982909122,101,0.25,Equity,Large cap
DXJ,WisdomTree Japan Equity UCITS ETF Hedged USD,56.31,USD,0.23139907440370694,2043.30159936,GBP,0.05040957781978576,103726288.92752828,GBP,121.75969592705862,504,0.48,Equity,Total market
HQUD,HSBC Plus USA Equity Quant Active UCITS ETF AccumUSD,13.491,USD,0.25265660994277267,0,GBP,0,103021175.167596,GBP,,336,0.15,Equity,Total market
IEDL,iShares Edge MSCI Europe Value Factor UCITS ETF,8.2635,EUR,0.9282442748091665,82183.991242857,GBP,0.5395488279274225,101581946.2658944,GBP,71.81929461810978,147,0.29,Equity,Total market
XLIP,Invesco Industrials S&P US Select Sector UCITS ETF,71130,GBX,1.1159286374298103,524228.1,GBP,3.130841121495327,100333718.1737224,GBP,57.00061743180282,84,0.14,Equity,Industrials
HCAD,HSBC MSCI Canada UCITS ETF,35.355,USD,1.4345144168698898,25658.294457599997,GBP,0.5249343832020997,100086368.64016,GBP,84.72290232118296,83,0.35000000000000003,Equity,Total market
SGSU,iShares II PLC - iShares USD Corp Bond 0-3yr ESG SRI UCITS ETF Hedged GBP,4.7535,GBP,0.03156565656565776,101620.32299999999,GBP,1.0388158917742185,99480005.7801,GBP,15.030806536867617,1728,0.15,Fixed income,Investment grade
T1AP,Invesco US Treasury Bond 0-1 Year UCITS ETF Accum Shs USD,3702.25,GBX,-0.12813595899649313,2295.395,GBP,0.05607307587953333,99131097.62927125,GBP,5.961326931589853,51,0.06,Fixed income,Investment grade
CUKS,iShares MSCI UK Small Cap UCITS ETF,28037.5,GBX,1.585144927536232,43177.75,GBP,0.2677795166058077,97278253.7328,GBP,41.55551403878292,194,0.72,Equity,Small cap
RIAG,Legal & General UCITS ETF ICAV - L&G Asia Pacific ex Japan ESG Paris Aligned UCITS ETF,1155.4,GBX,0.723563769505726,0,GBP,0,96834623.2148473,GBP,18.202741308521265,112,0.3,Equity,Theme
DIGE,Amundi MSCI Digital Economy -UCITS ETF Acc- Capitalisation,25.83,USD,1.3040494166094698,1581.66729756,GBP,0.5684210526315789,96598575.75158651,GBP,109.99289936919978,181,0.45,Equity,Theme
ERAN,iShares GBP Ultrashort Bond UCITS ETF AccumGBP,5.146,GBP,-0.019428793471931882,1424824.48,GBP,1.4265693912039898,95861774.1175,GBP,,676,0.09,Fixed income,Investment grade
XREP,Invesco Real Estate S&P US Select Sector UCITS ETF,1954.6,GBX,2.367235780873563,9506118.916,GBP,8.12264823725309,95491181.46016027,GBP,23.120296872478782,31,0.14,Equity,Real estate
0E5P,Amundi USD High Yield Corporate Bond ESG Dist- Distribution,73.24,EUR,0.41997046632762786,1676.05865604,GBP,0.15168539325842698,95209253.11596875,GBP,19.19937719237856,,0.3,Fixed income,High yield
HJGB,HSBC Global Funds ICAV - Japan Government Bond UCITS ETF,4.392,GBP,0.21105470309738514,31117.320000000003,GBP,0.7595167393844539,94879490.48456608,GBP,,224,0.1,Fixed income,Investment grade
0XDO,Amundi EURO STOXX 50 II UCITS ETF -Daily Hedged to CHF - Acc- Capitalisation,205.3145,CHF,-0.5018173007026823,122220.364957925,GBP,0.8814426053021127,94770400.40597211,GBP,47.68712713047692,56,0.2,Equity,Large cap
KOIB,KraneShares Global Humanoid Robotics and Physical AI Index UCITS ETF AccumUSD,21.0175,GBP,0.50209205020919,40332.5825,GBP,0.8078639387050601,94407416.087088,GBP,,51,0.9400000000000001,Equity,Theme
JNKS,State Street SPDR BBG U.S High Yld Corp. Scored UCITS ETF USD,29.44,GBP,0.18717032499574515,1589.76,GBP,0.2980132450331126,92793748.40157242,GBP,18.36865300620245,531,0.39,Fixed income,High yield
ISUN,Invesco Solar Energy UCITS ETF AccumUSD,22.7975,USD,1.2434772954368876,47514.88699419,GBP,1.818361693707954,92330753.6158,GBP,-11.78503049068265,36,0.75,Equity,Theme
PAGP,WisdomTree Physical Silver - GBP Daily Hedged,2258.5,GBX,3.3401967513154887,0,GBP,,91393185.69,GBP,,,0.35000000000000003,Commodities,Silver
GILE,iShares Global Inflation Linked Govt Bond UCITS ETF,4.322,EUR,0.15642199177336785,18.31605253,GBP,0.00019627547655685706,90987708.36148758,GBP,3.6780262345809973,157,1,Fixed income,Investment grade
ITEP,HAN-GINS Tech Megatrend Equal Weight UCITS ETF USD,1474.9,GBX,1.339837845265906,21872.767000000003,GBP,0.9555412371134021,89970642.98457818,GBP,69.6095040845354,145,0.6,Equity,Theme
ITEK,HAN-GINS Tech Megatrend Equal Weight UCITS ETF USD,19.517,USD,1.1820208408937631,1932.814023644,GBP,0.06475531389026198,89970621.53557688,GBP,82.70313681027966,145,0.6,Equity,Theme
LITG,Global X Lithium & Battery Tech UCITS ETF,9.412,GBP,0.711572414531072,117885.3,GBP,1.6592700536530436,89904163.00583686,GBP,22.48033585553487,42,0.6,Equity,Theme
GBP5,Legal & General UCITS ETF Plc - L&G GBP Corporate Bond 0-5 Year Screened UCITS ETF GBP,950.3,GBX,0.06317784563545426,43989.387,GBP,2.058705803869246,88362883.7982,GBP,16.950278280145803,225,0.09,Fixed income,Investment grade
LIFE,Rize Environmental Impact 100 UCITS ETF AccumUSD,6.14,USD,1.086598617056303,20065.931109839996,GBP,0.8686828092032552,87134203.18426178,GBP,44.76637518168172,102,0.55,Equity,Total market
INSU,Invesco Dow Jones US Insurance UCITS ETF AccumUSD,8.6065,USD,1.3483278379651389,730218.5396291941,GBP,7.4361947418636705,86362708.470696,GBP,15.39489866852039,60,0.35000000000000003,Equity,Financials
JGSA,JPMorgan ETFs (Ireland) ICAV - GBP Ultra-Short Income Active UCITS ETF AccumGBP,122.0175,GBP,0,136293.5475,GBP,0.24600814888228167,85344835.7476,GBP,14.984520824725928,119,0.27,Fixed income,Investment grade
CMX1,iShares MSCI Mexico Capped UCITS ETF,15804,GBX,-0.1831617507737005,21809.52,GBP,0.8323281061519903,84788662.47732083,GBP,37.91088449862135,22,0.65,Equity,Total market
BUG,Global X Cybersecurity UCITS ETF USD,21.85,USD,2.5340215861098208,181681.35221180003,GBP,2.2752001323873157,82914218.13329558,GBP,95.06661039342336,31,0.5,Equity,Theme
EMQP,Hanetf ICAV - EMQQ EM Internet & Ecommerce UCITS ETF,724.75,GBX,2.5178584058278455,201074.64,GBP,0.3348884369096692,82387397.94375567,GBP,1.9906181979530007,55,0.86,Equity,Theme
EMQQ,Hanetf ICAV - EMQQ EM Internet & Ecommerce UCITS ETF,9.59,USD,2.974336948351758,99684.35785,GBP,0.5024519655920894,82387378.3026,GBP,9.86416103603603,55,0.86,Equity,Theme
T3GB,Invesco US Treasury Bond 1-3 Year UCITS ETF GBP Hedged,3632.25,GBX,0.020652622883106157,10715.1375,GBP,0.1682157723669955,82372363.656,GBP,11.86201105084579,97,0.13,Fixed income,Investment grade
XUKX,Xtrackers FTSE 100 Income UCITS ETF,1029.6,GBX,1.1394891944990087,225369.14399999997,GBP,1.6056364890042985,82152324.7185,GBP,51.19516597108495,102,0.09,Equity,Large cap
MVEA,iShares Edge MSCI USA Minimum Volatility Advanced UCITS ETF AccumUSD,6.915,GBP,0.9268043494125423,40100.085,GBP,9.929794520547945,82151194.43604475,GBP,27.548759230684077,165,0.2,Equity,Total market
HQED,HSBC PLUS Emerging Markets Equity Income Quant Active UCITS ETF - USD,13.558,USD,0.608489165924599,338.23245640799996,GBP,0.004197832392001222,81226344.36288013,GBP,,294,0.61,Equity,Total market
DXJA,WisdomTree Japan Equity UCITS ETF AccumHedged USD,72.465,USD,0.8419148344002283,144130.15538838,GBP,0.42265060240963853,80545672.70099142,GBP,122.15020909525795,504,0.48,Equity,Total market
MCHN,Invesco MSCI China All Shares Connect UCITS ETF AccumUSD,29.0325,USD,1.63661823910379,103483.67467934999,GBP,3.1804384485666106,80163119.6856,GBP,30.04569444419089,577,0.38,Equity,Total market
HIUA,HSBC ETFs PLC - HSBC MSCI USA Islamic Screened UCITS ETF Accum Shs USD,49.745,USD,0.19133937562940356,2939497.0842252397,GBP,40.764537157757495,78225419.058948,GBP,60.24753295619597,113,0.33,Equity,Total market
JURP,HANetf ICAV - JURY Global High Dividend UCITS ETF Accum USD,621.95,GBX,1.2700480338679587,0,GBP,0,77571328.24312066,GBP,,90,0.66,Equity,High dividend yield
AIQG,GLOBAL X Artificial Intelligence UCITS ETF AccumUSD,22.6225,GBP,0.47745947146346057,67098.33499999999,GBP,0.5441003815673613,74706478.68158452,GBP,64.48172857785185,89,0.4,Equity,Theme
HEGB,HSBC Global Funds ICAV - Euro Government Bond UCITS ETF,8.3035,GBP,-0.07220651062037702,0,GBP,0,74415583.89048986,GBP,,350,0.09,Fixed income,Investment grade
HIJP,HSBC ETFs PLC - HSBC MSCI Japan Islamic Screened UCITS ETF Accum Shs - USD,28.25,USD,0.14179369018078392,258645.047199,GBP,0.4142042189936797,70013885.2212954,GBP,51.70465002977319,56,0.32,Equity,Total market
BBCS,BetaBuilders US Small Cap Equity UCITS ETF AccumUSD,3030.75,GBX,1.2697351933840113,5212.89,GBP,0.07093368525239195,69807486.4812519,GBP,21.206833956468564,1299,0.14,Equity,Small cap
0Y82,WisdomTree Japan Equity UCITS ETF AccumHedged EUR,56.33364,EUR,0.657474366433149,1385757.4734777617,GBP,7.953250027403267,65882433.922970936,GBP,111.0102951104542,504,0.45,Equity,Total market
IQAW,Invesco All Country World Enhanced Equity UCITS ETF,4.99775,USD,0.3665026609097319,0,GBP,0,65835333.563999996,GBP,,562,0.32,Equity,Total market
OPEN,iShares Inclusion and Diversity UCITS ETF Accum Shs Unhedged USD,12.32,USD,0.9256983697878229,1126.94257984,GBP,0.048934363246653456,65227834.4648,GBP,82.20745827202329,102,0.25,Equity,Total market
HMCA,HSBC MSCI China A UCITS ETF USD,8.807,GBP,0.3303713830029609,1056.8400000000001,GBP,0.02685825555630162,65176713.84396734,GBP,23.341282175186446,418,0.4,Equity,Total market
HMCT,HSBC MSCI China A UCITS ETF USD,11.653,USD,0.43092303714557195,0,GBP,0,65176698.305838756,GBP,32.8630684538572,418,0.4,Equity,Total market
HCGB,China Government Local Bond UCITS ETF Accum-ETFC- USD,12.116,USD,0.1322314049586778,3022.5877281599996,GBP,0.23850823937554208,62705799.600979164,GBP,11.98571851413349,175,0.6,Fixed income,Investment grade
0Y85,UBS CMCI Ex-Agriculture SF UCITS ETF Accum h CHF,215.7639,CHF,0.8123338689398028,14903.045598012002,GBP,0.5292479108635098,62366488.73928266,GBP,41.85131274638457,379,0.34,Commodities,Broad market ex agriculture
PIKA,VanEck Electrification & Power Infrastructure UCITS ETF Accum A USD,17.458,USD,1.1706073249883993,13237.352453528,GBP,0.14400574300071786,62045456.934999995,GBP,,26,0.63,Equity,Theme
HSAS,HSBC Asia Pacific EX Japan Screened Equity UCITS ETF USD,20.8925,GBP,0.7474382157926345,93702.86249999999,GBP,0.41568576565888743,61245304.9047475,GBP,64.15946988069217,328,0.38,Equity,Total market
LDCU,PIMCO ETFs PLC - PIMCO Advantage US Low Duration Corporate Bond UCITS ETF USD,97.94,USD,0.09709233992539104,3701.9948839999997,GBP,0.06502796202367019,59807465.31734289,GBP,15.825259235611341,380,0.25,Fixed income,Investment grade
HMCX,HSBC FTSE 250 UCITS ETF,2263.5,GBX,1.0265565721937069,54595.62,GBP,0.2587177809479883,59113032,GBP,45.73207768165297,256,0.09,Equity,Mid cap
MCTP,HANetf ICAV - Middlefield Canadian Enhanced Income UCITS ETF CAD,641.75,GBX,1.0948330182734791,4941.475,GBP,0.057458827392190076,58922434.77006899,GBP,,34,1.27,Equity,Large cap
MXUK,Invesco MSCI Europe ex-UK UCITS ETF,3911.5,GBX,-0.742244496605976,1486.37,GBP,0.038574763983351947,58900888.59734272,GBP,44.926811094628604,330,0.2,Equity,Total market
ISFE,iShares MSCI AC Far East ex-Japan SmallCap UCITS ETF USD,3546,GBX,0.4248088360237893,37410.3,GBP,0.6017567875884098,58825811.10258542,GBP,60.66949477529794,1035,0.8200000000000001,Equity,Small cap
MAG7,Leverage Shares 5x Long Magnificent 7 ETP,35.145,USD,-0.6361323155216125,1126749.28157946,GBP,0.7748653409049383,58722577.12261637,GBP,-24.544062378595715,8,8.78,Equity,Theme
WOOD,iShares Global Timber & Forestry UCITS ETF Ptg.Shs USD,1695.5,GBX,1.103160405485987,94541.08,GBP,0.8309737414682126,58479637.89801935,GBP,-13.83083411424127,26,1.71,Equity,Theme
LAUU,Amundi Australia S&P/ASX 200 UCITS ETF Dist,63.16,USD,1.3072419600609475,0,GBP,0,58422123.53403077,GBP,46.12322443803503,28,0.4,Equity,Large cap
MMLP,Alerian Midstream Energy Dividend UCITS ETF,20.4475,USD,0.7017975868012896,218294.16855134003,GBP,6.147216297392591,57585029.49519107,GBP,87.34375699343104,21,0.5,Equity,Energy
HSDD,HSBC ETFs PLC - HSBC Developed World Screened Equity UCITS ETF USD,33.2525,USD,0.38490566037735163,0,GBP,0,57080387.07951358,GBP,46.66518329095717,692,1.8,Equity,Theme
0W76,Amundi DivDax II UCITS ETF,204.75,EUR,-0.19497928345113608,40261.412646000004,GBP,1.9430485762144052,57070997.46085661,GBP,36.86895566802688,20,0.26,Equity,High dividend yield
HWSC,HSBC ETFs PLC - HSBC MSCI World Small Cap Screened UCITS ETF Accum USD,26.77,USD,1.4207236218980868,0,GBP,0,55148969.1627336,GBP,29.362022854364206,1144,0.27,Equity,Small cap
HESC,HSBC ETFs PLC - HSBC MSCI Emerging Markets Small Cap Screened UCITS ETF,31.245,USD,0.547063555913119,39398.73569352,GBP,0.5741626794258373,54448328.7189408,GBP,53.3830105789878,842,0.52,Equity,Small cap
CHIN,KraneShares ICBCUBS S&P China 500 UCITS ETF Accum Units USD,14.764,USD,1.3384583705127222,22.322341215999998,GBP,0.021344717182497332,54294330.627342634,GBP,24.22289773833817,584,0.55,Equity,Large cap
PAUS,Invesco MSCI USA ESG Climate Paris Aligned UCITS ETF AccumUSD,7.436,USD,0.5748292419016641,16639.367064320002,GBP,0.3758634701340918,54117918.7584,GBP,71.15441195208234,79,0.09,Equity,Total market
3LNG,WisdomTree Natural Gas 3x Daily Leveraged,52.48,GBX,4.417031436530042,358389.06879999995,GBP,0.4036624732795405,53908396.72507666,GBP,-99.87174749320207,,0.99,Commodities,Natural gas
JEAG,Global Equity Premium Income Active UCITS ETF Accum Unhedged USD,2398.25,GBX,-0.33246753246753247,1414.9675,GBP,0.06047560475604756,53657962.99002118,GBP,9.024883440890543,235,0.35000000000000003,Equity,Total market
ECOG,L&G Ecommerce Logistics UCITS ETF Accum Shs USD,1498.9,GBX,2.0006805035726503,24881.74,GBP,1.5295310052520041,52996831.33716359,GBP,22.18651449694399,50,0.6,Equity,Theme
XLYP,Invesco Consumer Discretionary S&P US Select Sector UCITS ETF,60305,GBX,1.2338425381903642,0,GBP,0,51151294.95947989,GBP,32.498730019751534,48,0.14,Equity,Consumer discretionary
PEMD,Invesco Emerging Markets USD Bond UCITS ETF,15.7425,USD,0.2866698518872427,11.900889209999999,GBP,0.00010149090134069481,50565255.486818686,GBP,30.564080566047174,421,0.29,Fixed income,Broad credit
PRAC,Invesco Preferred Shares UCITS ETF,43.35,USD,0.7670850767085037,0,GBP,0,49306252.45010388,GBP,10.307993590884806,262,0.5,Fixed income,Broad credit
ID33,Ishares Ibonds Dec 2033 Term USD Corp UCITS ETF AccumUSD,105.77,USD,0.20843202273803776,0,GBP,0,47648573.65660394,GBP,6.433054971934219,244,0.15,Fixed income,Investment grade
HGBP,HSBC STERLING LIQUIDITY UCITS ETF ACC,206.94,GBP,0.024167431968684504,1750919.34,GBP,1.2333999037886851,47539070.296047,GBP,,14,0.11,Fixed income,Investment grade
DHS,WisdomTree US High Dividend UCITS ETF USD,2219.25,GBX,0.6348486566148962,1176.2025,GBP,0.06629143214509069,46343143.38902329,GBP,45.30195066782004,278,0.29,Equity,High dividend yield
HYEM,VanEck UCITS ETFs Plc - Emerging Mkts. High Yld. Bd.,136.92,USD,-0.12400612736159888,11385.8454864,GBP,0.15097447158934943,45982672.360982,GBP,32.25508024324713,453,0.4,Fixed income,High yield
FTEK,Invesco KBW NASDAQ Fintech UCITS ETF,56.73,USD,2.715915263443781,19341.717493559998,GBP,0.09758525186082741,45018020.194296524,GBP,53.774561913007254,50,0.59,Equity,Theme
HAGG,HSBC Bloomberg Global ESG Aggregeate 1-3 Year Bond UCITS,11.117,USD,0.026992981824726592,0,GBP,0,44726880.0991292,GBP,7.70705261629315,385,0.18,Fixed income,Broad credit
HEDS,WisdomTree Europe Equity UCITS ETF USD Hedged Acc,3182.75,GBX,0.4576659038901602,0,GBP,0,44272162.48351981,GBP,36.701019132225625,136,0.6,Equity,Total market
HEDK,WisdomTree Europe Equity UCITS ETF USD Hedged Acc,42.11,USD,0.5732027704800622,0,GBP,0,44272151.929036275,GBP,47.254159697156425,136,0.6,Equity,Total market
HSXE,HSBC ETFs PLC - HSBC Europe ex UK Screened Equity UCITS ETF EUR,16.312,GBP,0.7411067193675951,3947.5040000000004,GBP,0.16934919524142758,43687330.53445418,GBP,35.07535301459467,160,0.15,Equity,Total market
LAB2,L&G Global Brands UCITS ETF Accum USD,1393.2,GBX,0.12217031979878155,5182.704000000001,GBP,0.38855232922498434,43460848.78001209,GBP,22.527026958734524,84,0.39,Equity,Total market
ASPY,Legal & General UCITS ETF ICAV - L&G Cyber Security Innovation UCITS ETF Accum Shs ETF USD,2205,GBX,1.5076533548164346,22072.05,GBP,0.25720746184284904,43228730.7227094,GBP,65.74752088651442,40,0.49,Equity,Information technology
XGLS,Xtrackers Physical Gold GBP Hedged ETC,2103.5,GBX,1.7658442186744074,16428.335,GBP,0.221875,42431991.703218,GBP,113.32210258983157,,0.6900000000000001,Commodities,Gold
LIOG,L&G LSF African Government Bond (USD) UCITS ETF USD Distributing,737.8,GBX,0.6411130814349927,0,GBP,0,42168688.78893257,GBP,,101,,Fixed income,High yield
IFSU,iShares Edge MSCI USA Multifactor UCITS ETF,18.235,USD,0.3715425897894537,355022.73816268,GBP,0.06558203611417396,42144731.865303144,GBP,82.24517422913009,271,0.21,Equity,Total market
XMID,Xtrackers MSCI INDONESIA SWAP UCITS ETF Capitalisation 1C,619.375,GBX,1.1224489795918366,7828.9,GBP,0.2643798368542146,41998874.914575145,GBP,-51.919002409922385,73,0.65,Equity,Total market
XIDD,Xtrackers MSCI INDONESIA SWAP UCITS ETF Capitalisation 1C,8.1925,USD,1.3766434648105188,0,GBP,0,41998864.902043365,GBP,-48.207212042219325,73,0.65,Equity,Total market
DFE,WisdomTree Europe SmallCap Dividend UCITS ETF,1843.8,GBX,1.0744435917114301,1401.2879999999998,GBP,0.5559619604974397,41932315.66460133,GBP,45.91706975138589,371,0.38,Equity,Small cap
JEAI,Jpm Us Equity Premium Income Active Ucits Etf Accum Shs USD,2128,GBX,0.24732069249793898,24727.36,GBP,,41460207.80873904,GBP,7.559254816940508,258,0.59,Equity,Total market
CBGB,Goldman Sachs Access China Government Bond UCITS ETF USD,43.575,GBP,0.13213075199633376,0,GBP,0,39379143.90686423,GBP,8.06893860171362,51,0.24,Fixed income,Investment grade
FDN,First Trust Global Funds ICAV - First Trust Dow Jones Internet UCITS ETF Accum A USD,3124.25,GBX,1.3708630759247242,124.97,GBP,0.031595576619273306,39313204.24402782,GBP,67.48206012387458,42,0.55,Equity,Theme
UKIG,HANetf II ICAV - Saba Capital Investment Trusts UCITS ETF AccumGBP,14.34,USD,0.9219508762052236,0,GBP,0,39089870.680972606,GBP,,27,1.69,Asset allocation,Target outcome
MEXP,Finamex Mexico International Sovereign Bond 5-10yr UCITS ETF AccumUSD,557.9,GBX,0.3688045335971853,4474.358,GBP,9.709443099273608,38895275.963486545,GBP,3.629108636209276,9,0.55,Fixed income,Investment grade
BLOK,First Trust Indxx Innovative Transaction & Process UCITS ETF Accum Shs A USD,4106.5,GBX,1.157778051484173,4804.605,GBP,0.2735562310030395,37911935.615361355,GBP,72.12112709636898,101,0.65,Equity,Theme
SUIG,Schroder USD Investment Grade Corporate Bond Active UCITS ETF Accum USD,9.824,USD,0.16823859291359292,0,GBP,,37069087.019999996,GBP,,,0.38,Fixed income,Investment grade
HBKS,HSBC Global Funds ICAV - Global Sukuk UCITS ETF Accum Shs -ETFC- USD,8.527,GBP,-0.1405316781824623,17284.229,GBP,0.3451564016551161,36783585.16737224,GBP,-0.4391288098681214,171,0.37,Fixed income,Investment grade
JAAG,JPMorgan ETFs Ireland ICAV - Glbl. Agg. Bond Active UCITS ETF,8.55,GBP,0.06436889226989752,0,GBP,0,36418601.984426975,GBP,-0.4946989867535578,442,0.72,Fixed income,Investment grade
MSAP,Invesco MSCI Saudi Arabia UCITS ETF,2193.75,GBX,0.17123287671232876,2084.0625,GBP,0.0973161237451342,35941324.74296946,GBP,1.0791651377573184,34,0.7000000000000001,Equity,Total market
RCTR,First Trust Bloomberg Nuclear Power UCITS ETF Accum USD,1330.2,GBX,0.2789295137580132,0,GBP,0,35811487.565769576,GBP,,40,0.71,Equity,Theme
PAJP,Invesco MSCI Japan ESG Climate Paris Aligned UCITS ETF Accum- USD,5.707,USD,0.6259367010491028,0,GBP,0,35802028.80982,GBP,46.637408028914415,43,0.16,Equity,Total market
HGAD,Global Aggregate Bond UCITS ETF Accu Shs -ETFCH- USD,10.754,USD,0.14900353883404743,0,GBP,0,35378694.005995534,GBP,3.4871735591326383,5031,0.13,Fixed income,Investment grade
S100,Invesco FTSE 100 UCITS ETF,11749,GBX,1.1362658173366618,47583.45,GBP,0.321530644649095,34475413.046,GBP,53.85190132044407,101,0.24,Equity,Large cap
ISXF,iShares GBP Corp Bond ex-Financials UCITS ETF,99.635,GBP,0.08035759128119963,3088.685,GBP,0.12762453684643887,34109191.477,GBP,14.39321172897133,310,0.21,Fixed income,Investment grade
DEL2,Legal & General UCITS ETF ICAV - L&G DAX Daily 2x Long UCITS ETF,681.9,EUR,2.2798860056997046,15604.9207749,GBP,0.34263959390862947,33847638.87759481,GBP,101.69733460268549,3,0.4,Equity,Large cap
DGSD,WisdomTree Emerging Markets SmallCap Dividend UCITS ETF,24.2725,USD,1.5798284159866134,183.4933037,GBP,0.06954102920723226,33490465.254456,GBP,49.98337369904949,958,0.64,Equity,Small cap
JG15,JPMorgan ETFs (Ireland) ICAV - BetaBuilders UK Gilt 1-5 yr UCITS ETF GBP,92.245,GBP,0.056946063942304524,67338.85,GBP,1.2651646447140381,33224613.129,GBP,11.092796238047855,16,0.07,Fixed income,Investment grade
TR7A,Invesco US Treasury Bond 3-7 Year UCITS ETF AccumUSD,43.22,USD,0.12161927375919845,0,GBP,0,32115462.2559792,GBP,4.996720217047878,90,0.06,Fixed income,Investment grade
DXJP,WisdomTree Japan Equity UCITS ETF GBP Hedged,3474.5,GBX,0.5353009259259259,170528.46,GBP,0.6718777806677709,31699792.128,GBP,120.99167632811532,504,0.45,Equity,Total market
HPAE,HSBC MSCI EUROPE CLIMATE PARIS ALIGNED UCITS ETF AccumEUR,23.705,GBP,0.8723404255319077,1090.4299999999998,GBP,0.03657469984893059,30715227.67959631,GBP,39.49498175022062,250,0.15,Equity,Theme
MOTU,VanEck Morningstar US Wide Moat UCITS ETF Accum A USD,26.3525,USD,0.9384276548884322,19.921752129999998,GBP,0.000946521533364884,30605930.86502,GBP,18.055131543503634,55,0.46,Equity,Theme
CEMG,iShares MSCI EM Consumer Growth UCITS ETF,33.49,USD,1.270033262775935,21646.4644494,GBP,1.541095890410959,30388189.75590742,GBP,17.90412839193328,267,0.62,Equity,Theme
WDTE,Invesco S&P World Information Technology ESG UCITS ETF,14.13,USD,-0.9116409537166831,331.13841516,GBP,0.21247429746401644,30355904.4656,GBP,47.32582544312599,68,0.19,Equity,Information technology
HPEF,HSBC MSCI Emerging Markets Climate Paris Aligned UCITS ETF,16.279,GBP,0.599431467062176,0,GBP,0,29846008.46688842,GBP,48.916255023340085,320,0.23,Equity,Total market
XUS1,Xtrackers II US Treasuries 1-3 UCITS ETF Shs 1C Capitalisation,8.1525,USD,0.030674846625760768,0,GBP,0,29686222.732510135,GBP,12.614989364347087,99,0.07,Fixed income,Investment grade
XMCX,Xtrackers FTSE 250 UCITS ETF (DR) Distribution 1D,2275.75,GBX,1.2907533103371536,13722.7725,GBP,0.2322357019064125,29421032.2014,GBP,46.21562723771888,253,0.35000000000000003,Equity,Mid cap
IEFS,iShares MSCI Europe Mid-Cap Equal Weight UCITS ETF Accum Shs EUR,954.65,GBX,0.887714663143987,9336.476999999999,GBP,1.8127896200185356,28632044.151799213,GBP,46.73361106757959,212,0.3,Equity,Mid cap
HFEJ,HSBC MSCI AC FAR EAST ex JAPAN UCITS ETF USD,65.11,GBP,0.3699707106520655,0,GBP,0,28520780.771620806,GBP,76.0029675424003,829,0.54,Equity,Total market
HFEX,HSBC MSCI AC FAR EAST ex JAPAN UCITS ETF USD,86.135,USD,0.5017210197771506,0,GBP,0,28520773.97226667,GBP,86.08962150514517,829,0.54,Equity,Total market
WBIO,WisdomTree BioRevolution UCITS ETF AccumUSD,1978.3,GBX,3.543389511148333,48864.01,GBP,0.4213650864054317,28446425.46114303,GBP,47.73180573065273,82,0.46,Equity,Theme
GBPO,UBS (Irl) Fund Solutions PLC - GBP Overnight Rate SF UCITS ETF Accum A GBP,530.8,GBX,0.03769317753485333,1390855.24,GBP,1.6481273567252566,28051128.4186,GBP,,379,0.05,Fixed income,Investment grade
S250,Invesco FTSE 250 UCITS ETF,21667.5,GBX,1.2854972537104126,1950.075,GBP,0.0036745192503980727,27969420.7872,GBP,46.59702498171768,252,0.22,Equity,Mid cap
HSJA,HSBC ETFs PLC - HSBC Japan Screened Equity UCITS ETF USD,24.7425,USD,-0.26201753501965647,436977.73450002,GBP,8.823173955736838,27815065.020912923,GBP,48.52091981253721,185,0.18,Equity,Theme
HPAS,HSBC MSCI USA Climate Paris Aligned UCITS ETF AccumUSD,41.16,GBP,0.5005493834696577,41.16,GBP,0.017953321364452424,27675080.51957968,GBP,62.66814229171588,100,0.18,Equity,Theme
GAAA,iShares Global AAA-AA Govt Bond UCITS ETF,4.625,USD,0.3253796095444616,43743.0913255,GBP,0.21122456559762826,27464538.581270102,GBP,11.289079435425602,707,0.21,Fixed income,Investment grade
XLPP,Invesco Consumer Staples S&P US Select Sector UCITS ETF Accum USD,57220,GBX,0.5358868488096284,124739.6,GBP,4.739130434782608,27216155.961899,GBP,27.671369904162233,35,0.14,Equity,Consumer staples
QCLN,First Trust Global Funds ICAv - First Trust Nasdaq Clean Edge Green Energy UCITS ETF Accum A USD,1390.6,GBX,-0.6927087052774438,11569.792,GBP,0.4207545261454435,27180025.586634412,GBP,8.230368868778172,56,0.6,Equity,Theme
JLDO,Jpmorgan Etfs Ireland ICAV - Em Local Cur Bd Act Ucits Etf UnHedged USD,8.1795,GBP,-0.06719609040928058,0,GBP,,26675979.131387964,GBP,,79,0.87,Fixed income,Broad credit
WDEE,Invesco S&P World Energy Targeted & Screened UCITS ETF Accum Shs USD,8.422,USD,0.8320862017360247,0,GBP,0,25965823.8672,GBP,44.53116237496312,30,0.23,Equity,Energy
HEDJ,WisdomTree Europe Equity UCITS ETF USD Hedged,31.1325,USD,0.5165872951812096,2706.55930335,GBP,0.08361811968297826,25443525.403418433,GBP,47.20012022615866,136,0.6,Equity,Total market
USFM,UBS MSCI USA Select Factor Mix UCITS ETF USD,3302,GBX,0.809036788276599,0,GBP,0,24387710.30382522,GBP,55.537895722428324,1828,0.25,Equity,Total market
TREL,Invesco US Treasury Bond 10+ Year UCITS ETF USD,3.74675,USD,0.48273550117332187,5.6648761819999995,GBP,0.000039025075562302556,23962400.799306646,GBP,-2.1213048644658894,,0.06,Fixed income,Investment grade
XUFB,Xtrackers MSCI USA Banks UCITS ETF Shs -1D- USD,2802.5,GBX,2.131924198250729,258334.45,GBP,0.9258738449176376,23784307.509462528,GBP,111.48026669375864,16,0.12,Equity,Financials
RNTA,Amerant Latin American Debt UCITS ETF USD,19.047,USD,0.23681717713925748,7789.858288044,GBP,3.288753799392097,23017714.50048,GBP,,57,1.17,Fixed income,Broad credit
PAWD,Invesco MSCI World ESG Climate Paris Aligned UCITS ETF AccumUSD,6.888,USD,0.6281957633309007,0,GBP,0,22898089.4912,GBP,63.47777017947405,354,0.21,Equity,Total market
GREN,Goldman Sachs Global Green Bond UCITS ETF - Hedged GBP,41.855,GBP,0.22749042145593598,1757.9099999999999,GBP,0.031028368794326244,22711127.958,GBP,2.67973356777509,,0.33,Fixed income,Investment grade
LUK2,L&G FTSE 100 Leveraged (Daily 2x) UCITS ETF GBP,62090,GBX,2.0713463751438432,919552.9,GBP,1.0345068454875663,22664785.335,GBP,76.26457893871577,3,0.5,Equity,Large cap
0Y83,WisdomTree Japan Equity UCITS ETF - CHF Hedged Acc,59.82,CHF,-0.7548734964744891,1359.155265,GBP,0.009766387999062426,21755327.176984858,GBP,96.2372437456135,504,0.45,Equity,Total market
IQBA,Invesco UK Enhanced Equity UCITS ETF Accum GBP,6.5425,USD,1.331991016804775,0,GBP,,21537554.865445696,GBP,,119,0.24,Equity,Total market
BIGT,Legal & General UCITS ETF Plc - Pharma Breakthrough,1083.4,GBX,2.005460879389905,227.514,GBP,0.02956497254681121,21488704.052010886,GBP,30.929528867573485,42,0.49,Equity,Health care
SPQB,GLOBAL X S&P 500 Quarterly Buffer UCITS ETF AccumUSD,23.7625,USD,0.17917369308600517,0,GBP,0,21330560.181964014,GBP,20.885413208154336,53,0.5,Alternatives,Downside hedge
AQWA,Global X Clean Water UCITS ETF AccumUSD,30.365,USD,1.5042620758816623,183.64071823999998,GBP,0.17278617710583155,20353937.791195974,GBP,32.99197036301758,41,0.9,Equity,Theme
JAEP,JPMorgan ETFs (Ireland) ICAV - EUR Aggregate Bond Active UCITS ETF AccumEUR,8.403,GBP,-0.02379535990480537,88996.17300000001,GBP,2.499292052104965,20269897.50288,GBP,,161,0.3,Fixed income,Investment grade
HSUK,HSBC UK Screened Equity UCITS ETF Accum GBP,23.79,GBP,1.137209055159946,44082.869999999995,GBP,7.0242608036391205,19648464.9212,GBP,42.58707795319048,80,0.42,Equity,Theme
5ESG,UBS S&P 500 Scored & Screened UCITS ETF-h GBP,4571,GBX,0.22474373732390504,41778.94,GBP,0.677037037037037,19607991.858,GBP,81.34034300820451,326,0.13,Equity,Large cap
KNG,First Trust Global Funds ICAV - First Trust Vest S&P 500 Dividend Aristocrats B USD Target Income UCITS ETF B USD,1522.4,GBX,1.2503325352487484,1552.8480000000002,GBP,0.25947596031544135,18764204.501058362,GBP,,71,0.77,Alternatives,Income
CURE,VanEck Genomics and Healthcare Innovators UCITS ETF Accum A USD,28.165,USD,3.7002945508100114,0,GBP,0,18164501.263776,GBP,44.967162224944026,50,0.35000000000000003,Equity,Theme
PAES,Invesco MSCI Europe ESG Climate Paris Aligned UCITS ETF Accum-EUR,533.6,GBX,1.0510368336331917,0,GBP,0,18114676.223162986,GBP,38.64924005966836,216,0.22,Equity,Total market
HIND,HSBC ETFS PLC FTSE EPRA DEV ISLAMIC ETF AccumUSD,15.32,USD,1.6117264707833145,108866.015776,GBP,1.163236768181762,17941519.195677,GBP,14.528219359898637,71,0.6,Equity,Real estate
EDEF,Global X Europe Focused Defence Tech UCITS ETF AccumEUR,16.502,USD,0.9420112551994123,0,GBP,0,17481590.391313314,GBP,,26,0.6,Equity,Industrials
ECGD,Legal & General UCITS ETF Plc - Mlt Strgy Enhnc Comm UCITS ETF Shs Hedged GBP,1413.5,GBX,0.21269053527118043,16142.17,GBP,0.3321891907615335,17192542.6412,GBP,42.987929213281845,3,0.89,Commodities,Broad market
QUGB,BNP Paribas Easy ICAV - BNP Paribas Easy Alpha Enhanced US UCITS ETF Accum-CAP- USD,9.364,GBX,0.34290612944706417,0,GBP,,17143406.410644088,GBP,,228,0.15,Equity,Total market
JGHD,JPMorgan ETFs (Ireland) ICAV - Global High Yield Corporate Bond Multi-Factor Active UCITS ETF USD,103.36,USD,0.20358700920988243,4375.686891519999,GBP,0.111731843575419,17023112.241205253,GBP,11.437627520872699,361,0.35000000000000003,Fixed income,High yield
IUMD,iShares Edge MSCI USA Momentum Factor UCITS ETF,14.192,USD,-0.5326604990187869,286447.01970617595,GBP,0.5048577836102277,16247579.672690386,GBP,118.75326033388227,127,0.24,Equity,Total market
ROE,HANetf ICAV - Goshawk Global Balanced UCITS ETF Accum ETF USD,11.762,USD,0.8229041659523407,0,GBP,0,16155867.028392,GBP,51.01972368777492,64,0.6900000000000001,Equity,Theme
HSEP,HSBC Europe Screened Equity UCITS ETF Accum Shs EUR,17.813,GBP,0.7123876293322647,2440.381,GBP,0.48324514991181655,15533651.219124513,GBP,48.88236391735848,287,0.29,Equity,Theme
HSEU,HSBC Europe Screened Equity UCITS ETF Accum Shs EUR,21.0575,EUR,0.8500957854406226,1356.43040201,GBP,0.29457364341085274,15533645.18394834,GBP,51.653106266434555,287,0.29,Equity,Theme
2BRT,WisdomTree Brent Crude Oil 2x Daily Leveraged,11223.5,GBX,-1.4531565545701994,3254.815,GBP,0.027724665391969407,15389226.288778124,GBP,108.82034197727715,,0.98,Commodities,Crude oil
GIBO,Goldman Sachs ETF ICAV - Goldman Sachs Global Income Bond Opportunities Active UCITS ETF USD,9.7475,USD,0.10269576379974106,0,GBP,0,14867489.65184,GBP,,321,0.53,Fixed income,Broad credit
HMJA,HSBC MSCI Japan UCITS ETF Accum Shs USD,65.22,USD,0.2921728433030874,6212.366223839999,GBP,0.30619684082624543,14824808.705029957,GBP,51.387599226435256,169,0.13,Equity,Total market
BOTG,Global X Robotics & Artificial Intelligence UCITS ETF USD,17.987,GBP,1.40376592626,39445.490999999995,GBP,0.3239195297037015,14644693.299131919,GBP,35.13966322167118,59,0.5,Equity,Theme
3LGS,WisdomTree Natural Gas 3x Daily Short,1171.5,GBX,-5.600322320709106,610058.625,GBP,2.1225905591084837,14488910.172376398,GBP,-34.15718634259716,,0.99,Commodities,Natural gas
EBGA,CO Eurizon SLJ EM Bond Strategic Income UCITS ETF Accum A1 Hedged GBP,109.59,GBP,0.20115205266526365,0,GBP,0,13985230.71,GBP,7.955700762997095,,0.5,Fixed income,Broad credit
HPAJ,HSBC MSCI AC Asia Pacific ex Japan Climate Paris Aligned UCITS ETF USD,25.305,USD,0.786617544558391,0,GBP,0,13848431.83612,GBP,52.078657753561444,304,0.34,Equity,Total market
USDO,UBS (Irl) Fund Solutions PLC - USD Overnight Rate SF UCITS ETF Accum A USD,5.3105,USD,0.009416195856885332,201721.068858582,GBP,0.5295367409783683,13820289.894386344,GBP,,379,0.05,Fixed income,Investment grade
GOVE,Jupiter Global Government Bond Active UCITS ETF AccumUSD,10.203,USD,0.255478038714747,0,GBP,0,13687249.2316672,GBP,,50,0.45,Fixed income,Investment grade
FBT,First Trust Global Funds ICAV - First Trust NYSE Arca Biotechnology UCITS ETF Accum A USD,2440,GBX,2.4241788225417147,1708,GBP,0.08496176720475786,13418668.389779257,GBP,64.25081557775975,31,0.63,Equity,Health care
XLBP,Invesco Materials S&P US Select Sector UCITS ETF,46812.5,GBX,1.5235306874864454,936.25,GBP,0.023980815347721823,12652937.415633503,GBP,23.08546228794157,26,0.14,Equity,Materials
HPED,HSBC FTSE EPRA NAREIT Developed Climate Paris Aligned UCITS ETF Accum- USD,11.145,USD,1.2997636793310208,10396.82999796,GBP,0.8051151562601944,12233537.799731936,GBP,6.6962513546928255,248,0.36,Equity,Real estate
FEM,First Trust Global Funds ICAV - First Trust Emerging Markets AlphaDEX UCITS ETF Accum.Shs Class A USD,3907.5,GBX,-0.5282250365939032,0,GBP,0,11854478.787420623,GBP,60.88417453920771,152,0.8,Equity,Total market
USIC,Amundi USD Corporate Bond Climate Paris Aligned UCITS ETF C- Capitalisation,9.8425,USD,0.3364085835159741,12864.891474889999,GBP,2.7968295050145584,11759400.054737978,GBP,15.89247237732697,2339,0.18,Fixed income,Investment grade
GR8,HANetf ICAV - Making Europe Great Again UCITS ETF,813.1,GBX,0.624961326650587,105.70300000000002,GBP,0.05023183925811437,11572218.705911702,GBP,44.73388745474846,41,0.62,Equity,Theme
WELL,Harbor Health Care UCITS ETF Accum Shs -A- USD,8.041,USD,2.7997954487343426,12.157541704,GBP,0.000056558366820599696,10973872.852984423,GBP,20.817413806225744,46,0.89,Equity,Health care
HWDA,HSBC Multi Factor Worldwide Equity UCITS ETF Accum USD,46.45,USD,0.3673292999135732,0,GBP,0,10760279.366106514,GBP,44.32750907928987,415,0.45,Equity,Total market
HITC,HSBC ETFs PLC HSBC S&P India Tech UCITS ETF AccumEUR,13.061,GBP,2.455287103859434,60537.735,GBP,0.32793032453428234,10678985.330000756,GBP,-34.60049310018815,45,0.65,Equity,Information technology
HPJP,HSBC MSCI JAPAN CLIMATE PARIS ALIGNED UCITS ETF AccumUSD,19.35,USD,0.5142589995324928,0,GBP,0,10148855.873527,GBP,45.88205042881128,46,0.18,Equity,Total market
STT6,iShares II PLC - iShares STOXX Europe 600 UCITS ETF EUR,4.3505,GBP,0.8460825220213306,265.38050000000004,GBP,0.07181539910525077,10049763.8652,GBP,,600,0.08,Equity,Total market
CYBG,VanEck UCITS ETFs PLC - VanEck Medical Robotics and Bionic Engineering UCITS ETF Accum A USD,14.04,GBP,1.6360214275372744,6289.92,GBP,0.999553770638108,10046362.261868764,GBP,-15.134960761399052,26,0.55,Equity,Health care
SMOT,VanEck Morningstar US SMID Moat UCITS ETF Accum A USD,24.98,USD,1.6170039662361473,0,GBP,0,9525523.885752,GBP,11.006459158211426,110,0.56,Equity,Extended market
WHCE,Invesco S&P World Health Care ESG UCITS ETF AccumUSD,6.8695,USD,2.1790867172393353,103.86299308000001,GBP,0.10887316276537834,9346989.0024,GBP,19.727513055346936,67,0.2,Equity,Health care
CLO,Global X Cloud Computing UCITS ETF USD,14.644,USD,3.192164047635821,99.63408571199999,GBP,0.0025879173016648935,8459058.348430011,GBP,52.14866434378629,39,1.25,Equity,Information technology
UGRW,Wisdomtree UK Quality Dividend Growth Ucits ETF Inc,3236.5,GBX,1.5213299874529485,10486.26,GBP,0.5716302046577276,8198874.7071,GBP,17.427888223495707,94,0.31,Equity,Total market
HEDG,WisdomTree Europe Equity UCITS ETF EUR Acc,2633.75,GBX,0.42897998093422307,3713.5875,GBP,0.13066444259104812,8046621.547878346,GBP,37.51771710084751,136,0.34,Equity,Total market
HEDF,WisdomTree Europe Equity UCITS ETF EUR Acc,31.12,EUR,0.5330318203844377,422.02354816,GBP,0.010796221322537112,8046618.421583185,GBP,40.076960200527765,136,0.34,Equity,Total market
UYLA,Invesco Markets IV ICAV - Invesco USD IG Corporate Bond Yield Plus UCITS ETF AccumUSD,4.9385,USD,0.1114940198662174,0,GBP,0,8033678.3462311635,GBP,,587,0.21,Fixed income,Investment grade
FKU,First Trust Global Funds ICAV - First Trust United Kingdom AlphaDEX UCITS ETF Accum.Shs Class A GBP,4434.75,GBX,0.9561208809970976,13570.335,GBP,1.5322984476715074,8014423.6,GBP,69.32444410189214,76,0.65,Equity,Total market
DRVE,Global X Autonomous & Electric Vehicles UCITS ETF Accum-USD-,16.619,USD,0.24731571962842547,1495.056341492,GBP,0.03980598762334839,7688115.898538506,GBP,45.87694664283891,75,0.51,Equity,Theme
FASA,Invesco FTSE All Share Screened & Tilted UCITS ETF,6852.5,GBX,0.9353365738694948,0,GBP,0,7635438.439,GBP,41.757135017210665,81,0.24,Equity,Total market
JCLM,Janus Henderson Fund SICAV - Janus Henderson Global AAA CLO Passive Core UCITS ETF -USD- Capitalisation,10.047,USD,0.02986857825567616,0,GBP,,7587161.7836,GBP,,26,0.3,Fixed income,Investment grade
XBNG,Legal & General Ucits Etf ICAV - L&G Corporate Bond Ex-Banks Higher Ratings 0-2Y UCITS ETF Accu-ETF- USD,815.45,GBX,-0.11636452719254431,0,GBP,0,7401443.575672815,GBP,2.680743061319148,619,0.12,Fixed income,Investment grade
WRLD,Goldman Sachs ActiveBeta Paris-Aligned Sustainable World Equity UCITS ETF AccumUSD,52.61,USD,0.3528850739151212,0,GBP,,7168973.19264,GBP,34.747073686381675,851,0.25,Equity,Total market
PUIP,Invesco Markets II PLC - Invesco USD IG Corporate Bond ESG Climate Transition UCITS ETF,3136.25,GBX,0.1436896303983396,0,GBP,0,6998639.674,GBP,14.676219854487229,1702,0.21,Fixed income,Investment grade
HEQA,JPMorgan ETFs Ireland ICAV - Nasdaq Hedged Equity Laddered Overlay Active UCITS ETF,2035.75,GBX,-0.29386555650789764,0,GBP,0,6957147.977018447,GBP,,95,0.65,Equity,Total market
JXSU,JPMorgan ETFs (Ireland) ICAV - Global ex US Research Enhanced Index Equity Active UCITS ETF Accums- USD,1869.3,GBX,0.7871893028522083,0,GBP,0,6864337.825068037,GBP,,286,0.31,Equity,Total market
TFGD,Janus Henderson ICAV - Janus Henderson Global High Yield Fallen Angels Paris-aligned Climate Core UCITS ETF Hedged GBP,9.865,GBP,0.21841824554274017,0,GBP,,6839899.1,GBP,8.5517423382884,173,0.55,Fixed income,High yield
2GOO,Leverage Shares 2x Alphabet ETP,18135,GBX,-0.3051043126906902,134380.35,GBP,0.7794256863363836,6752050.146158452,GBP,238.55057542854752,2,2.2800000000000002,Equity,Information technology
GBBD,Amundi Core Gbp Corporate Bond UCITS ETF Distribution,4.9265,GBP,0.20339672531271813,4463.409,GBP,0.1686899530796157,6638085,GBP,,941,0.42,Fixed income,Investment grade
INQP,INQQ India Internet UCITS ETF Accum USD,616.55,GBX,0.850576592786445,622.7154999999999,GBP,1.2672521957340024,6586325.975204113,GBP,-23.5652115848332,26,0.86,Equity,Theme
3GIL,WisdomTree Gilts 10Y 3x Daily Leveraged,5265,GBX,1.055662188099808,32169.15,GBP,0.20348353148832718,6522148.71103683,GBP,-25.234277263712375,,0.3,Fixed income,Investment grade
HCAA,HSBC MSCI China A UCITS ETF AccumUSD,12.102,USD,0.33993864522013406,0,GBP,0,6335147.114284783,GBP,23.096835757864923,418,0.4,Equity,Total market
CTEG,Global X Cleantech UCITS ETF USD,6.385,GBP,0.8927866003002256,2522.075,GBP,0.19393165750196387,6141979.877071856,GBP,7.412924220867419,41,1.7,Equity,Theme
GIJO,HANetf ICAV - Future of US Defence UCITS ETF Accum ETF USD,10.407,USD,2.4411851560192868,39.33700302,GBP,0.01115822361080116,5966797.905455772,GBP,-16.995859196538827,48,0.65,Equity,Theme
JEYG,Jpmorgan ETFs Ireland ICAV - EUR High Yield Bond Active UCITS ETF AccumHedged GBP,8.9325,GBP,-0.055944055944064694,0,GBP,0,5879997.6025,GBP,8.387104628795424,254,0.79,Fixed income,High yield
XUKS,Xtrackers FTSE 100 SHORT DAILY UCITS ETF Capitalisation 1C,244.9,GBX,-1.0704908099373887,121343.05200000001,GBP,0.5629597311318504,5872686.82,GBP,-16.845890180791734,25,0.5,Equity,Large cap
MIDG,L&G Msci World Mid Cap Ucits ETF,795.4,GBX,1.1058853438413538,198.85,GBP,0.04668534080298786,5775984.275778651,GBP,,721,0.29,Equity,Mid cap
FGPT,First Trust Global Funds ICAV - First Trust Bloomberg Artificial Intelligence UCITS ETF Accum A USD,2516.75,GBX,-0.31686305574809387,0,GBP,0,5707546.197459933,GBP,,51,0.65,Equity,Theme
WNER,WisdomTree New Economy Real Estate UCITS ETF USD,26.8075,USD,2.007229832572298,20265.71939,GBP,5.803830528148578,5634973.214151548,GBP,36.95293904325481,57,0.5,Equity,Real estate
HUCB,HSBC Global Funds ICAV -USCorporate Bond Index Fund,10.38,USD,0.18337998262716076,0,GBP,0,5605291.3761264,GBP,,2143,0.08,Fixed income,Investment grade
FDIU,First Trust Global Funds ICAV - First Trust Dow Jones International Internet UCITS ETF Accum A CHF,17.568,USD,1.5726179463459877,132.80916096,GBP,0.18148820326678766,5552205.784004264,GBP,24.534477742217046,41,0.66,Equity,Theme
METL,First Trust Global Funds ICAV - First Trust Indxx Future Economy Metals UCITS ETF Accum A USD,36.9725,USD,2.2186895217030544,0,GBP,0,5493221.9324155785,GBP,101.30017908110476,51,0.67,Equity,Theme
EBIG,Global X E-Commerce UCITS ETF USD,10.27,GBP,2.479668712268622,10.27,GBP,0.0031525851197982345,5402708.796639522,GBP,46.92967485192742,41,0.5,Equity,Theme
3GIS,WisdomTree Gilts 10Y 3x Daily Short,8263,GBX,-1.1011370436864154,16939.15,GBP,0.1404109589041096,5346581.18330611,GBP,25.858370571242475,,0.3,Fixed income,Investment grade
FTEI,First Trust Europe Growth Strength UCITS ETF,23.055,USD,1.2961335676625578,0,GBP,0,5181588.09975939,GBP,,51,0.61,Equity,Theme
KDOM,iShares II PLC - iShares UK Domestic Focus UCITS ETF AccumGBP,5.138,GBP,0.6464250734573844,15.414,GBP,0.08086253369272237,5119200,GBP,,154,0.25,Equity,Total market
VPAC,Invesco Variable Rate Preferred Shares UCITS ETF,58.735,USD,0.1449275362318855,0,GBP,,5084589.135580864,GBP,26.522787972775053,358,0.5,Fixed income,Broad credit
IDVH,iShares PLC - iShares Euro Dividend UCITS ETF - Hedged GBP,5.781,GBP,0.6441504178272968,4711.514999999999,GBP,0.8699829205807003,5062916.9616,GBP,,31,0.6,Equity,High dividend yield
WDFE,Invesco S&P World Financials ESG UCITS ETF USD,9.364,USD,1.4078405891271473,0,GBP,0,4916615.0964,GBP,32.96620102497464,143,0.22,Equity,Financials
SUK2,L&G FTSE 100 Super Short Strategy (Daily 2x) UCITS ETF Accum GBP,195.82,GBX,-2.1633774668998313,464042.4868,GBP,0.6791827703666127,4778928.1689,GBP,-44.017824612538895,3,0.6,Equity,Large cap
GONS,Invesco S&P China A 300 Swap UCITS ETF,526.05,GBX,0.0285225328009084,9526.7655,GBP,0.07548129222638553,4667101.516,GBP,,301,0.1,Fixed income,Broad credit
CT5,UBS (Irl) ETF PLC - UBS S&P 500 Climate Transition ESG UCITS ETF Accum USD,754.2,GBX,0.2658867322520606,0,GBP,0,4568691.381917145,GBP,24.70930508040615,241,0.07,Equity,Large cap
W33K,HANetf II ICAV - Weekly World Equity Income UCITS ETF USD,10.126,USD,0.08895917762181045,20561.256059792,GBP,0.7743981548219692,4560960.50928,GBP,,188,0.5700000000000001,Equity,Total market
JGBL,Janus Henderson ICAV - Janus Henderson Global Research-Engineered Equity Active Core UCITS ETF Accum- USD,11.512,USD,0.46251854437560713,0,GBP,0,4528579.1290348,GBP,,226,0.3,Equity,Total market
SLVG,HANetf ICAV - Sprott Silver Miners and Physical Silver UCITS ETF AccumUSD,513.85,GBX,3.8290563750252673,62294.0355,GBP,3.8766308518802766,4496616.268521318,GBP,,78,0.65,Equity,Materials
FVD,First Trust Global Funds ICAV - First Trust ValueLine Dividend Index UCITS ETF Accum A USD,29.025,USD,-0.445892642771403,0,GBP,0,4388461.344174599,GBP,33.552661850641876,240,0.73,Equity,High dividend yield
JRCD,China A Research Enhanced Index Equity Active UCITS ETF USD,1719.3,GBX,0.24488368025188303,0,GBP,,4310275.401118838,GBP,22.34265700462836,331,0.4,Equity,Total market
HEDL,JPMorgan ETFs Ireland ICAV - US Hedged Equity Laddered Overlay Active Ucits ETF,26.4375,USD,0.21796815769522743,19.98600975,GBP,5,4267596.47277712,GBP,,144,0.65,Equity,Total market
32GH,Ishares Ibonds Dec 2032 Term USD Corp UCITS ETF Hedged GBP,4.84225,GBP,0.1706661150186246,1936.9,GBP,0.18123329255584253,4061402.5363,GBP,6.2511799386205755,258,0.18,Fixed income,Investment grade
PBRT,WisdomTree Brent Crude Oil - GBP Daily Hedged,1038.5,GBX,-0.9064885496183206,13085.1,GBP,0.47237009822298864,3847795.8219554,GBP,75.21768818175097,,0.49,Commodities,Crude oil
XMVU,Xtrackers MSCI USA Minimum Volatility UCITS ETF,63.43,USD,0.7545071876737375,0,GBP,0,3651206.6940787393,GBP,42.32979111405874,175,0.2,Equity,Total market
JRID,JPMorgan ETFs (Ireland) ICAV - India Research Enhanced Index Equity Active UCITS ETF Unhedged USD,20.535,USD,1.182557280118248,0,GBP,0,3627998.673337103,GBP,,145,0.4,Equity,Total market
SCSH,iShares VI PLC - iShares GBP Overnight Rate Swap UCITS ETF Accum- GBP,5.043,GBP,0.009915716410505164,10217.118,GBP,2.161989115355885,3578613,GBP,,57,0.1,Fixed income,Investment grade
GCED,Invesco Global Clean Energy UCITS ETF USD,21.735,USD,1.0577705451586616,0,GBP,0,3337329.6292367917,GBP,18.7508036998563,111,0.6,Equity,Theme
MDB1,UBS (Lux) Fund Solutions SICAV - UBS Sustainable Development Bank Bonds 1-5 -UCITS ETF USD- Capitalisation,9.1805,USD,0.19098548510313293,0,GBP,,3329260.5508762156,GBP,,77,0.18,Fixed income,Investment grade
B30G,Invesco Markets II plc - Invesco BulletShares 2030 USD Corporate Bond UCITS ETF Hedged GBP,490.575,GBX,0.0356851549755325,9046.203,GBP,0.8041165184022327,3236253.341,GBP,7.015092829383162,594,0.16,Fixed income,Investment grade
GBJP,WisdomTree Long JPY Short GBP,2479,GBX,-0.16109544905356424,1165.13,GBP,0.05475940813235466,3056442.1946751,GBP,-16.1672264083375,,0.39,Currency,"Long JPY, short GBP"
3FNE,GraniteShares 3x Long FAANG Daily ETP,123,EUR,-0.4048582995951417,0,GBP,0,2974187.86744151,GBP,379.3109787673763,,4.16,Equity,Theme
LJP3,WisdomTree Long JPY Short USD 3x Daily,1.8065,USD,-0.13819789939192628,11915.413322049999,GBP,0.9231925001851676,2897374.0431338707,GBP,-43.73245038866939,,0.98,Currency,"Long JPY, short USD"
JTXT,Tabula ICAV - Janus Henderson Tabula US Transformational Growth Equity Ucits ETF AccumUSD,9.078,GBP,0.5872576177285213,0,GBP,0,2842822.800120956,GBP,,24,0.49,Equity,Theme
UONS,Invesco Markets PLC - Invesco Overnight Return Swap UCITS ETF AccumUSD,5.275,USD,0.03792907263418676,0,GBP,0,2801582.57975904,GBP,,1,0.1,Fixed income,Broad credit
FSPC,First Trust Bloomberg Space Economy UCITS ETF Accum A USD,19.408,USD,0.4242988719859295,8803.1427456,GBP,1.4251781472684086,2605978.662072912,GBP,,51,0.72,Equity,Theme
HEDP,WisdomTree Europe Equity UCITS ETF GBP Hedged,1795.5,GBX,0.5995069475571518,0,GBP,0,2557017.9428,GBP,46.75515339549602,136,0.37,Equity,Total market
KFOR,iShares II PLC - iShares UK Foreign Focus UCITS ETF Accum- GBP,5.129,GBP,1.2935716401698276,0,GBP,0,2524900,GBP,,170,0.28,Equity,Total market
SNSG,Global X Internet of Things UCITS ETF USD,14.213,GBP,-0.25964912280702324,85.27799999999999,GBP,0.023068050749711647,2463793.1623601373,GBP,48.426904232900505,71,0.7000000000000001,Equity,Theme
VRSD,Vanguard Russell 2000 U.S. Small-Cap UCITS ETF USD,94.08,USD,1.34654745233222,782.3403033599999,GBP,0.03492063492063492,2398751.067085296,GBP,,1951,,Equity,Small cap
FOCT,First Trust Vest U.S. Equity Buffer UCITS ETF Accum Shs A USD,30.385,USD,0.10707519973643825,0,GBP,,2298200.8430975997,GBP,,2,0.88,Alternatives,Downside hedge
SPQH,GLOBAL X S&P 500 Quarterly Tail Hedged UCITS ETF AccumUSD,21.4825,USD,0.1748659361156513,48.72050547,GBP,0.0006297361405571066,2270663.91229836,GBP,12.189589052578652,30,0.5,Equity,Large cap
GBCH,WisdomTree Long CHF Short GBP,5642.5,GBX,0.10644903752328573,166679.45,GBP,2.2487819732034104,2180213.5476052,GBP,-2.5849241282636344,,0.39,Currency,"Long CHF, short GBP"
B29G,Invesco Markets II plc - Invesco BulletShares 2029 USD Corporate Bond UCITS ETF Hedged GBP,515.95,GBX,0.08729388942774888,0,GBP,0,2179569.638,GBP,7.68428527624489,567,0.16,Fixed income,Investment grade
JUDS,JPMorgan ETFs (Ireland) ICAV - US Equity Active UCITS ETF Unhedged USD,2872.75,GBX,0.15689008977599583,0,GBP,,2025925.323858482,GBP,18.13764679769669,85,0.79,Equity,Large cap
UD08,UBS CMCI Ex-Agriculture SF UCITS ETF Accum Shs h GBP,21155,GBX,0.6422454804947668,0,GBP,0,1990688.9,GBP,59.08323584499659,379,0.34,Commodities,Broad market ex agriculture
SCTB,Invesco S&P 500 CTB Net Zero Pathway ESG UCITS ETF AccumUSD,6.466,USD,0.3569765637125652,0,GBP,0,1955245.9808,GBP,,234,0.09,Equity,Large cap
UKSD,Global X ETFs ICAV - Global X UK Superdividend UCITS ETF GBP,17.445,GBP,0.6635891517599654,6472.095,GBP,0.27271390767421344,1904267.86087587,GBP,,,0.6,Equity,Total market
URND,Global X Uranium UCITS ETF USD,17.358,GBP,0.4513888888888854,14702.226,GBP,0.17487354186022505,1805885.8133098881,GBP,45.080800285485644,59,0.65,Equity,Theme
HIGG,iShares Euro High Yield Corp Bond UCITS ETF -Hedged- GBP,5.228,GBP,0.05741626794258591,15.684,GBP,0.00036354823073194375,1804698.0948,GBP,7.959011478288986,515,0.55,Fixed income,High yield
B26G,Invesco Markets II plc - Invesco BulletShares 2026 USD Corporate Bond UCITS ETF Hedged GBP,534.95,GBX,-0.018689842070817503,0,GBP,0,1758127.7,GBP,7.808254873396154,80,0.17,Fixed income,Investment grade
ICBH,iShares USD Intermediate Credit Bond UCITS ETF Hedged GBP,4.92325,GBP,0.1525708182881612,0,GBP,0,1744946.7981,GBP,,5968,0.19,Fixed income,Investment grade
HDBA,HSBC Global Funds ICAV - Sustainable Development Bank Bonds UCITS ETF Accu-ETFC- USD,10.856,USD,0.1753252745224705,8215.038864032,GBP,3.2521117608836905,1721450.3002199999,GBP,5.156486036332638,103,0.18,Fixed income,Investment grade
USP3,WisdomTree Long USD Short GBP 3x Daily,6020,GBX,-0.6600660066006601,1023.4,GBP,0.03359683794466403,1676997.9654476,GBP,-18.79721403321995,,0.98,Currency,"Long USD, short GBP"
B28G,Invesco Markets II plc - Invesco BulletShares 2028 USD Corporate Bond UCITS ETF Hedged GBP,523.85,GBX,-0.00954380606985198,0,GBP,0,1431117.36,GBP,8.028320022543642,593,0.16,Fixed income,Investment grade
FAGB,Invesco US High Yield Fallen Angels UCITS ETF,3016,GBX,0.19933554817275745,0,GBP,0,1421617.288,GBP,23.813855553372733,71,0.8300000000000001,Fixed income,High yield
B27G,Invesco Markets II PLC - Invesco BulletShares 2027 USD Corporate Bond UCITS ETF Hedged GBP,531.9,GBX,0.0658451697864778,0,GBP,0,1319638.524,GBP,8.086162565446632,528,0.16,Fixed income,Investment grade
USLP,Ishares MSCI USA Leaders Ucits ETF USD,5.074,GBP,0.25686623196996444,0,GBP,,1228784.5402933173,GBP,28.14717675186373,250,0.13,Equity,Total market
IE1G,iShares EUR Corp Bond 1-5yr UCITS ETF Hedged GBP,5.432,GBP,0.05525879535826328,0,GBP,0,1177577.46,GBP,6.403606575547303,2408,0.27,Fixed income,Investment grade
FSCR,First Trust Global Funds ICAV - First Trust Bloomberg Scarce Resources UCITS ETF Accum A USD,2287,GBX,1.621861808487003,0,GBP,,1127350.8073782886,GBP,40.88765788559725,52,0.67,Equity,Total market
2FB,Leverage Shares 2x Facebook ETP,3035,GBX,-0.3284072249589491,0,GBP,0,1124523.0588657015,GBP,137.49045046707369,2,2.2800000000000002,Equity,Communication services
TKNG,Global X Stablecoin & Tokenisation UCITS ETF Accum USD,12.628,GBP,2.6499756137213506,1995.224,GBP,0.49842271293375395,1119665.8602963411,GBP,,31,0.5,Equity,Theme
DECM,First Trust Global Funds ICAV - First Trust Vest U.S. Equity Max Buffer Ucits ETF - December Accum A USD,2165.75,GBX,-0.023081361800346218,0,GBP,,1084258.6694889627,GBP,,2,0.85,Alternatives,Downside hedge
HAGE,Global Aggregate Bond ESG UCITS ETF Accum-ETFCH- USD,10.273,USD,0.13646554245052486,0,GBP,0,1076881.9628056,GBP,,853,0.09,Fixed income,Investment grade
MSEP,First Trust Global Funds ICAV - First Trust Vest U.S. Equity Max Buffer UCITS ETF - September Accum A USD,28.495,USD,0.08781173164735558,0,GBP,0,1076698.388612896,GBP,,2,0.88,Alternatives,Downside hedge
GOUD,Amundi Global Government Bond UCITS ETF-USD- Distribution,7.5435,USD,0.18593532107045932,0,GBP,0,1073796.0445059035,GBP,7.175963600451647,1114,0.09,Fixed income,Investment grade
FPXE,First Trust Global Funds ICAV - First Trust IPOX Europe Equity Opportunities UCITS ETF Accum A EUR,2065.5,GBX,0.4132231404958678,0,GBP,0,1042938.3189031298,GBP,46.84849246200172,,0.73,Equity,Total market
MARM,First Trust Global Funds ICAV - First Trust Vest U.S. Equity Max Buffer UCITS ETF - March Accum A USD,2041.25,GBX,-0.04896560166483046,0,GBP,,1021548.2688237074,GBP,,2,0.88,Alternatives,Downside hedge
1ARG,LS 1x ARK Genomic Tracker ETP,4.1475,USD,4.893778452200298,0,GBP,0,1016941.8727196859,GBP,81.60208363954477,2,0.35000000000000003,Equity,Theme
SABP,GLOBAL X S&P 500 Annual Buffer UCITS ETF AccumUSD,16.275,GBP,0.018436578171092146,0,GBP,0,976277.2885957212,GBP,16.374781585587527,34,0.5,Alternatives,Downside hedge
NYSG,Global X NYSE 100 UCITS ETF Accum Shs USD,11.943,GBP,-0.7479431563201185,0,GBP,,965055.9419413366,GBP,,102,0.09,Equity,Total market
EDVU,First Trust Europe Rising Dividend Achievers UCITS ETF Accum EUR,25.1625,USD,0.6600660066006709,0,GBP,,951905.0752269039,GBP,,121,0.53,Equity,Total market
JGDU,JPMorgan ETFS Ireland ICAV - JPM Active US Growth UCITS ETF,2967.25,GBX,-0.10100159919198722,0,GBP,,898445.043392803,GBP,14.08678653348713,133,0.5,Equity,Total market
SDVI,First Trust Global Funds ICAV - First Trust Smid Rising Dividend Achievers Ucits ETF B USD,2117,GBX,1.2676393207366659,0,GBP,,846519.1895978228,GBP,,173,0.64,Equity,Extended market
JGDE,JPMorgan ETFs (Ireland) ICAV - Global Equity Active UCITS ETF USD,25.9075,USD,0.22243713733074447,337318.38987357,GBP,3.8539685381190005,818510.7606426156,GBP,,199,0.99,Equity,Total market
HUST,HSBC Global Funds ICAV US Treasury Bond UCITS ETF,7.708,GBP,0.07790184367696998,0,GBP,,662085.5760508013,GBP,,236,0.09,Fixed income,Investment grade
VRVD,Vanguard Russell 1000 U.S. Value UCITS ETF USD,102.28,USD,1.187178472497035,282684.90388095996,GBP,24.972677595628415,649739.7685976176,GBP,,865,0.16,Equity,Large cap
SAHP,Global X S&P 500 Annual Tail Hedge Ucits ETF AccumUSD,15.539,GBP,-0.0385976198134463,0,GBP,,621755.3658567123,GBP,14.287372774553967,35,0.5,Alternatives,Downside hedge
GBUR,WisdomTree Long EUR Short GBP,4331,GBX,-0.16136468418626093,259.86,GBP,0.05240174672489083,575728.4507478001,GBP,1.854634043500204,,0.39,Currency,"Long EUR, short GBP"
HCAU,HSBC MSCI China A UCITS ETF AccumHedged USD,11.726,USD,0.23935715506924662,0,GBP,0,557203.08193445,GBP,,418,0.41000000000000003,Equity,Total market
HGVG,HSBC Global Funds ICAV - Global Government Bond UCITS ETF -ETFSH- GBP,9.8345,GBP,0.12216849071010898,0,GBP,0,545301.77,GBP,3.6906326305878756,1128,0.12,Fixed income,Investment grade
DMAD,Global X Disruptive Materials Ucits ETF USD,16.47,GBP,2.1902339145002045,0,GBP,0,491289.8413350257,GBP,85.17818690166062,51,0.7000000000000001,Equity,Materials
LEU3,WisdomTree Long EUR Short USD 3x Daily,9.99375,USD,-0.06249999999999645,0,GBP,0,474906.41190354235,GBP,5.523246441399219,,0.98,Currency,"Long EUR, short USD"
FING,Global X FinTech UCITS ETF USD,5.8945,GBP,2.2551825830514334,613.028,GBP,0.5473684210526316,466923.75642074994,GBP,13.52670725026659,80,0.6,Equity,Theme
FGRO,First Trust Global Funds ICAV - First Trust Growth Strength UCITS ETF Accum A USD,1830.8,GBX,0.9372587936927997,0,GBP,,455037.156032658,GBP,15.978844264026879,51,0.61,Equity,Total market
EUP3,WisdomTree Long EUR Short GBP 3x Daily,1974.75,GBX,-0.4913076341647771,0,GBP,0,420377.4956804,GBP,-14.818811132107376,,0.98,Currency,"Long EUR, short GBP"
SJP3,WisdomTree Short JPY Long USD 3x Daily,366,USD,0.13679890560875513,2490.1717679999997,GBP,0.20737327188940094,354343.626159476,GBP,59.84737220466445,,0.98,Currency,"Long USD, short JPY"
HSGG,HSBC Global Funds ICAV - Global ESG Government Bond UCITS ETF -ETFSHGBP- GBP,9.947,GBP,0.1459854014598536,0,GBP,0,323120.9176,GBP,2.0017237587864893,,0.15,Fixed income,Investment grade
EDOG,Global X Telemedicine & Digital Health UCITS ETF USD,7.331,GBP,2.804655728509328,95.30300000000001,GBP,0.06989247311827956,289088.03055752197,GBP,26.48449003645814,39,0.68,Equity,Health care
3ABE,Leverage Shares 3x Airbnb ETP,29.46,EUR,5.459101485591559,224.72550522,GBP,0.15845070422535215,285775.7501748512,GBP,-66.29091405619843,2,3.7800000000000002,Equity,Consumer discretionary
JMBD,Janus Henderson ICAV - Janus Henderson USD Mortgage-Backed Securities Active Core UCITS ETF -DIST- Unhedged USD,9.705,USD,0.5543179816608782,0,GBP,,280725.0292347984,GBP,,152,0.44,Fixed income,Investment grade
TAGD,Janus Henderson - Haitong Asia ex-Jap HY Corp USD Bd Scr. Core,7.8855,GBP,-0.02535657686212082,0,GBP,0,278880.5677,GBP,13.530284631141075,71,0.65,Fixed income,High yield
SCNY,WisdomTree Short CNY Long USD,38.81,USD,-0.14151550238003271,0,GBP,,273314.1541900909,GBP,5.782824521296905,,0.59,Currency,"Long USD, short CNY"
1GIS,WisdomTree Gilts 10Y 1x Daily Short,13974.5,GBX,-0.39558089807555236,0,GBP,0,252620.240481296,GBP,19.752974907594222,,0.25,Fixed income,Investment grade
JMEX,Janus Henderson ICAV - Janus Henderson Mexico Government Bond USD 10-30y Core UCITS ETF AccumUSD,9.5715,USD,0.4565491183879079,0,GBP,,246515.199773248,GBP,,19,0.408,Fixed income,High yield
LCNY,WisdomTree Long CNY Short USD,56.315,USD,0.26707023947297887,0,GBP,0,246203.27854023175,GBP,11.05706267646781,,0.59,Currency,"Long CNY, short USD"
GGBD,Invesco USD IG Corporate Bond Yield Plus UCITS ETF USD,4.77225,USD,0.17843085804250286,0,GBP,,229247.69406218402,GBP,,587,0.09,Fixed income,Investment grade
DTRE,First Trust Global Funds ICAV - First Trust Alerian Disruptive Technology Real Estate UCITS ETF B USD,1442.9,GBX,3.0495643479502963,0,GBP,0,224186.1248866042,GBP,3.445325640046527,31,0.63,Equity,Real estate
HERG,Global X Video Games & Esports UCITS ETF USD,9.679,GBP,1.9754517199599642,445.23400000000004,GBP,0.2588632526730445,191917.61863636906,GBP,34.67437338770332,41,0.5,Equity,Theme
UKSA,UBS MSCI United Kingdom IMI Socially Responsible UCITS ETF AccumGBP,2224.25,GBX,1.3787602552415679,0,GBP,0,139454.4038,GBP,,140,0.28,Equity,Total market
JPGB,WisdomTree Short JPY Long GBP,7856,GBX,0.19130212983037878,0,GBP,0,139341.3381102,GBP,38.95908279808811,,0.39,Currency,"Long GBP, short JPY"
BIUS,Leverage Shares -1x Short Baidu ETP,3.03,USD,-2.2580645161290414,0,GBP,0,123120.15965699182,GBP,-1.4217104683920976,2,1.75,Equity,Communication services
CHGB,WisdomTree Short CHF Long GBP,3646.5,GBX,-0.13693002875530602,36.465,GBP,0.020242914979757085,101138.11729560001,GBP,20.99206950602596,,0.39,Currency,"Long GBP, short CHF"
UIGB,First Trust Global Funds ICAV - First Trust US Equity Income UCITS ETF D GBP,2673.75,GBX,0.8201357466063349,0,GBP,,77107.58,GBP,24.19314371869906,129,0.6,Equity,High dividend yield
VRGD,VANGUARD RUSSELL 1000 U.S. GROWTH UCITS ETF USD,104.71,USD,1.423866718326229,0,GBP,,40143.7385398,GBP,,360,0.16,Equity,Large cap
T3MD,JPMorgan ETFs (Ireland) ICAV - Climate Change Solutions Active UCITS ETF Unhedged USD,29.765,USD,1.001017984390912,0,GBP,,38419.7533898668,GBP,,57,0.72,Equity,Total market
DDGT,Dimensional Funds ICAV - Global Targeted Value UCITS ETF AccumUSD,29.065,USD,1.1220318343915858,84219.92624794,GBP,0.5437650730600085,,,,3397,0.47000000000000003,Equity,Small cap
DJIW,Waystone ETF ICAV - Wahed Dow Jones Islamic World UCITS ETF Accum- USD,11.872,USD,0.6101694915254167,95178.81008832,GBP,0.5641857743256903,,,,92,0.53,Equity,Total market
MSTP,YieldMax MSTR Option Income Strategy ETF,464.45,GBX,3.417947005121346,33463.6225,GBP,1.2127996229464044,,,,,1.58,Equity,Information technology
OILG,UBS Bloomberg CMCI Components WTI Crude Oil GBP Monthly Hedged Total Return Index,12475,GBX,-0.2797761790567546,0,GBP,,,,,,0.42,Commodities,Crude oil
INMU,UBS AG. London Branch Exchange Traded Product 2016-Open end on UBS Bloomberg CMCI Industrial Metals USD,182.2,USD,0.9558110541626234,0,GBP,,,,,,,Commodities,Broad market
NIKU,UBS Bloomberg CMCI Components USD Total Return Nickel Index,44.34,USD,-0.022547914317921105,0,GBP,0,,,,,0.37,Commodities,Nickel
VRMD,Vanguard Russell U.S. Mid-Cap UCITS ETF USD,99.715,USD,1.537599918537758,0,GBP,,,,,,0.23,Equity,Mid cap
DDXM,Dimensional Funds ICAV - Dimensional Global ex US Core Equity Market UCITS ETF USD Acc,26.955,USD,0.8794910179640698,36638.25101748,GBP,0.38600257621296696,,,,3606,0.22,Equity,Total market
AGGB,UBS ETC on UBS Bloomberg CMCI Agriculture Index,99.48,GBP,0.20145044319097785,0,GBP,,,,,,0.87,Commodities,Broad market
MGMS,M&G (Ireland) ETF ICAV - M&G Global Maxima Equity UCITS ETF Accum-Dollar- USD,9.2165,GBP,0.7322804524837442,0,GBP,0,,,,,0.55,Equity,Total market
CMGU,UBS Bloomberg SPGSCI Constant Maturity Composite Total Return Index,186.925,USD,0.10710938545991007,0,GBP,,,,,,0.5700000000000001,Commodities,Broad market
CXAS,UBS Bloomberg CMCI Ex-Agriculture Ex-Livestock Capped GBP,137.675,GBP,0.6396198830409356,0,GBP,,,,,,0.5,Commodities,Broad market ex agriculture
OIL,ONYX ETC Securities PLC,299.565,USD,9.424141142951076,3623.40403488,GBP,3.018867924528302,,,,,,Commodities,Crude oil
NGAU,UBS Bloomberg CMCI Natural Gas TR Index (USD),4.36,USD,1.1600928074246106,0,GBP,,,,,,0.4,Commodities,Natural gas
SPWI,Waystone ETF ICAV - Wahed S&P 500 Shariah UCITS ETF Accum Shs USD,11.612,USD,0.07756614668620479,225726.41126089598,GBP,0.935159963486793,,,,242,0.53,Equity,Total market
SBUS,UBS ETC (CMCI SUGAR) USD,163.75,USD,3.052234109502828,0,GBP,,,,,,0.45,Commodities,Sugar
ALYU,UBS ETC on UBS Bloomberg CMCI Aluminium Index,89.14,USD,-0.4578447794528159,0,GBP,,,,,,0.33,Commodities,Aluminium
CMCI,UBS ETC - UBS Bloomberg CMCI Composite USD TR Index ETC,2251,USD,0.33429908624916427,0,GBP,0,,,,,0.38,Commodities,Broad market
MGIL,M&G UK Gilts Active UCITS ETF Accum- GBP,9.659,GBP,0.40018710046256295,236162.55000000002,GBP,6.796953185811187,,,,,0.15,Fixed income,Investment grade
CMCU,UBS ETC on UBS Bloomberg CMCI Composite USD Index,224.1,USD,0.38073908174691795,0,GBP,0,,,,,0.59,Commodities,Broad market
SOYU,UBS ETC on UBS Bloomberg CMCI Soybeans Index,392.3,USD,0.3581478639038205,0,GBP,,,,,,0.45,Commodities,Soybeans
CORU,UBS ETC on UBS Bloomberg CMCI Corn Index,78.76,USD,0.5746392542459492,0,GBP,,,,,,0.54,Commodities,Corn
COFU,UBS ETC on UBS Bloomberg CMCI Coffee Index,111.925,USD,-0.11155734047300313,0,GBP,,,,,,0.45,Commodities,Coffee
INMG,UBS Bloomberg CMCI Industrial Metals GBP Monthly Hedged,115.325,GBP,0.9409190371991273,0,GBP,0,,,,,0.49,Commodities,Broad market
BRTU,UBS ETC Linked UBS Bloomberg CMCI Brent Crude Oil Index USD,224.4,USD,-0.6200177147918537,0,GBP,,,,,,0.36,Commodities,Crude oil
CMBG,UBS Bloomberg Constant Maturity Composite ETC GBP,129.9,GBP,0.4640371229698331,0,GBP,,,,,,0.73,Commodities,Broad market
PRMG,UBS Bloomberg CMCI Precious Metals GBP Monthly Hedged,234.35,GBP,0.342539070862763,0,GBP,0,,,,,0.52,Commodities,Broad market
MUSA,M&G (Ireland) ETF ICAV - M&G US Treasury Bond Active UCITS ETF AccumUSD,9.7215,USD,0.19582581808812294,0,GBP,0,,,,15,0.15,Fixed income,Investment grade
DDGC,Dimensional Funds ICAV - Global Core Equity UCITS ETF AccumUSD,28.975,USD,0.8001391546355904,363304.53237820003,GBP,2.4859485304036335,,,,7037,0.31,Equity,Small cap
MCUU,UBS Bloomberg CMCI Components USD Total Return Copper Index (USD),377.2,USD,1.4523937600860615,0,GBP,0,,,,,0.37,Commodities,Copper
LIVP,UBS ETC on UBS Bloomberg CMCI Live Cattle Index,108.175,GBP,0.3944315545243593,0,GBP,,,,,,0.44,Commodities,Livestock
M30,Connect ETFs ICAV - CO Eurizon SLJ EM Equity Magnificent 30 UCITS ETF Accum-A1- USD,112.37,USD,0.3572385460391227,85033.52221364001,GBP,2.249943807597213,,,,,0.8,Equity,Total market
JSHG,Janus Henderson US Short Duration High Yield Active Core UCITS ETF Hedged GBP,9.8315,GBP,0.08653160948793372,0,GBP,,,,,,0.54,Fixed income,High yield
SAT1,Schroder Coco Financial Credit Active UCITS ETF Accum USD AccumUSD,9.897,USD,0.1771344703679343,0,GBP,,,,,,0.56,Fixed income,Broad credit
SILP,UBS Bloomberg CMCI USD Total Return Silver Index,14840,GBX,3.414634146341464,0,GBP,,,,,,0.42,Commodities,Silver
CXAD,UBS Bloomberg CMCI Components USD ex-Agriculture ex-Livestock Total Return Index,160.425,USD,0.6272541947624275,0,GBP,,,,,,0.38,Commodities,Broad market ex agriculture
NGAG,UBS Bloomberg CMCI Components Natural Gas GBP Monthly Hedged Total Return Index,13.4075,GBP,1.1505092417955478,0,GBP,,,,,,0.52,Commodities,Natural gas
MWIM,Invesco Markets II PLC - Invesco MSCI ACWI Islamic M-Series UCITS ETF Accum-Acc- USD,6.204,USD,0.32341526520051056,101192.525013888,GBP,0.14940121108045135,,,,,0.35000000000000003,Equity,Total market
DDUM,Dimensional Funds ICAV - Dimensional US Core Equity Market UCITS ETF USD Acc,28.975,USD,0.43327556325823224,28497.4795987,GBP,0.0926486401800275,,,,2304,0.16,Equity,Total market
CMBU,UBS Bloomberg Constant Maturity Composite ETC USD,198,USD,-0.40241448692153486,0,GBP,,,,,,0.38,Commodities,Nickel
MUKL,M&G (IRELAND) ETF ICAV - M&G UK Index-Linked Gilts Active UCITS ETF,9.9135,GBP,0.3746266389915538,0,GBP,0,,,,,0.15,Fixed income,Investment grade